chembl_id,ic50_value,units,pchembl_value,target_chembl_id,target_name,assay_chembl_id,activity_comment
CHEMBL361103,200,nM,6.7,CHEMBL5023,p53-binding protein Mdm-2,CHEMBL874553,
CHEMBL7976,1410,nM,5.85,CHEMBL2039,Monoamine oxidase B,CHEMBL1003729,
CHEMBL1094278,300,nM,6.52,CHEMBL614361,T47D,CHEMBL1109973,
CHEMBL1097571,230,nM,6.64,CHEMBL614361,T47D,CHEMBL1109973,
CHEMBL121516,30,nM,7.52,CHEMBL387,MCF7,CHEMBL1109970,
CHEMBL1236726,190,nM,6.72,CHEMBL5023,p53-binding protein Mdm-2,CHEMBL3391053,
CHEMBL1688136,69000,nM,4.16,CHEMBL5023,p53-binding protein Mdm-2,CHEMBL1694433,
CHEMBL1688137,74000,nM,4.13,CHEMBL5023,p53-binding protein Mdm-2,CHEMBL1694433,
CHEMBL1688139,4200,nM,5.38,CHEMBL5023,p53-binding protein Mdm-2,CHEMBL1694433,
CHEMBL1688140,4500,nM,5.35,CHEMBL5023,p53-binding protein Mdm-2,CHEMBL1694433,
CHEMBL1688142,15000,nM,4.82,CHEMBL5023,p53-binding protein Mdm-2,CHEMBL1694433,
CHEMBL1688143,6000,nM,5.22,CHEMBL5023,p53-binding protein Mdm-2,CHEMBL1694433,
CHEMBL1688144,87000,nM,4.06,CHEMBL5023,p53-binding protein Mdm-2,CHEMBL1694433,
CHEMBL1688145,9500,nM,5.02,CHEMBL5023,p53-binding protein Mdm-2,CHEMBL1694433,
CHEMBL1688146,2400,nM,5.62,CHEMBL5023,p53-binding protein Mdm-2,CHEMBL1694433,
CHEMBL1688147,3100,nM,5.51,CHEMBL5023,p53-binding protein Mdm-2,CHEMBL1694433,
CHEMBL1688148,54000,nM,4.27,CHEMBL5023,p53-binding protein Mdm-2,CHEMBL1694433,
CHEMBL1688149,7200,nM,5.14,CHEMBL5023,p53-binding protein Mdm-2,CHEMBL1694433,
CHEMBL1688150,6200,nM,5.21,CHEMBL5023,p53-binding protein Mdm-2,CHEMBL1694433,
CHEMBL1688151,6200,nM,5.21,CHEMBL5023,p53-binding protein Mdm-2,CHEMBL1694433,
CHEMBL1688152,47000,nM,4.33,CHEMBL5023,p53-binding protein Mdm-2,CHEMBL1694433,
CHEMBL1688159,11000,nM,4.96,CHEMBL5023,p53-binding protein Mdm-2,CHEMBL1694433,
CHEMBL1688161,88000,nM,4.06,CHEMBL5023,p53-binding protein Mdm-2,CHEMBL1694433,
CHEMBL1688170,3000,nM,5.52,CHEMBL5023,p53-binding protein Mdm-2,CHEMBL1694433,
CHEMBL1688251,700,nM,6.16,CHEMBL5023,p53-binding protein Mdm-2,CHEMBL1694433,
CHEMBL1688252,400,nM,6.4,CHEMBL5023,p53-binding protein Mdm-2,CHEMBL1694433,
CHEMBL1688253,2300,nM,5.64,CHEMBL5023,p53-binding protein Mdm-2,CHEMBL1694433,
CHEMBL1688254,2300,nM,5.64,CHEMBL5023,p53-binding protein Mdm-2,CHEMBL3705908,232301
CHEMBL1688255,1500,nM,5.82,CHEMBL5023,p53-binding protein Mdm-2,CHEMBL1694433,
CHEMBL1688256,1400,nM,5.85,CHEMBL5023,p53-binding protein Mdm-2,CHEMBL1694433,
CHEMBL1688257,1400,nM,5.85,CHEMBL5023,p53-binding protein Mdm-2,CHEMBL3705908,232305
CHEMBL1688258,400,nM,6.4,CHEMBL5023,p53-binding protein Mdm-2,CHEMBL1694433,
CHEMBL1688259,450,nM,6.35,CHEMBL5023,p53-binding protein Mdm-2,CHEMBL1694433,
CHEMBL1688260,360,nM,6.44,CHEMBL5023,p53-binding protein Mdm-2,CHEMBL1694433,
CHEMBL1688261,3500,nM,5.46,CHEMBL5023,p53-binding protein Mdm-2,CHEMBL1694433,
CHEMBL1688262,869,nM,6.06,CHEMBL5023,p53-binding protein Mdm-2,CHEMBL3705908,232316
CHEMBL1688263,2500,nM,5.6,CHEMBL5023,p53-binding protein Mdm-2,CHEMBL1694433,
CHEMBL1688264,3200,nM,5.5,CHEMBL5023,p53-binding protein Mdm-2,CHEMBL1694433,
CHEMBL1688265,1400,nM,5.85,CHEMBL5023,p53-binding protein Mdm-2,CHEMBL1694433,
CHEMBL1688266,570,nM,6.24,CHEMBL5023,p53-binding protein Mdm-2,CHEMBL1694433,
CHEMBL1688267,980,nM,6.01,CHEMBL5023,p53-binding protein Mdm-2,CHEMBL1694433,
CHEMBL1688268,580,nM,6.24,CHEMBL5023,p53-binding protein Mdm-2,CHEMBL1694433,
CHEMBL1688269,730,nM,6.14,CHEMBL5023,p53-binding protein Mdm-2,CHEMBL1694433,
CHEMBL1688270,380,nM,6.42,CHEMBL5023,p53-binding protein Mdm-2,CHEMBL1694433,
CHEMBL1688271,660,nM,6.18,CHEMBL5023,p53-binding protein Mdm-2,CHEMBL1694433,
CHEMBL1688272,569,nM,6.25,CHEMBL5023,p53-binding protein Mdm-2,CHEMBL3705908,232313
CHEMBL1688273,400,nM,6.4,CHEMBL5023,p53-binding protein Mdm-2,CHEMBL1694433,
CHEMBL1688274,225,nM,6.65,CHEMBL1907611,Tumour suppressor p53/oncoprotein Mdm2,CHEMBL1838865,
CHEMBL1688275,390,nM,6.41,CHEMBL5023,p53-binding protein Mdm-2,CHEMBL1694433,
CHEMBL1688276,310,nM,6.51,CHEMBL5023,p53-binding protein Mdm-2,CHEMBL1694433,
CHEMBL1688277,1800,nM,5.75,CHEMBL5023,p53-binding protein Mdm-2,CHEMBL1694433,
CHEMBL1688278,2600,nM,5.58,CHEMBL5023,p53-binding protein Mdm-2,CHEMBL1694433,
CHEMBL1688279,2300,nM,5.64,CHEMBL5023,p53-binding protein Mdm-2,CHEMBL1694433,
CHEMBL1688280,1200,nM,5.92,CHEMBL5023,p53-binding protein Mdm-2,CHEMBL1694433,
CHEMBL1688281,1500,nM,5.82,CHEMBL5023,p53-binding protein Mdm-2,CHEMBL1694433,
CHEMBL1688282,2300,nM,5.64,CHEMBL5023,p53-binding protein Mdm-2,CHEMBL1694433,
CHEMBL1688283,2800,nM,5.55,CHEMBL5023,p53-binding protein Mdm-2,CHEMBL1694433,
CHEMBL1688284,8800,nM,5.06,CHEMBL5023,p53-binding protein Mdm-2,CHEMBL1694433,
CHEMBL1688285,8900,nM,5.05,CHEMBL5023,p53-binding protein Mdm-2,CHEMBL1694433,
CHEMBL1688286,49000,nM,4.31,CHEMBL5023,p53-binding protein Mdm-2,CHEMBL1694433,
CHEMBL1688287,47000,nM,4.33,CHEMBL5023,p53-binding protein Mdm-2,CHEMBL1694433,
CHEMBL1688293,17000,nM,4.77,CHEMBL5023,p53-binding protein Mdm-2,CHEMBL1694433,
CHEMBL1688296,29000,nM,4.54,CHEMBL5023,p53-binding protein Mdm-2,CHEMBL1694433,
CHEMBL1688297,10600,nM,4.97,CHEMBL5023,p53-binding protein Mdm-2,CHEMBL3705908,232355
CHEMBL1688300,33000,nM,4.48,CHEMBL5023,p53-binding protein Mdm-2,CHEMBL1694433,
CHEMBL1688303,170,nM,6.77,CHEMBL5023,p53-binding protein Mdm-2,CHEMBL1694433,
CHEMBL1688304,1300,nM,5.89,CHEMBL5023,p53-binding protein Mdm-2,CHEMBL1694433,
CHEMBL1688305,16000,nM,4.8,CHEMBL5023,p53-binding protein Mdm-2,CHEMBL1694433,
CHEMBL1689394,61,nM,7.21,CHEMBL5023,p53-binding protein Mdm-2,CHEMBL1694393,
CHEMBL1689395,71,nM,7.15,CHEMBL5023,p53-binding protein Mdm-2,CHEMBL1694393,
CHEMBL1689396,160,nM,6.8,CHEMBL5023,p53-binding protein Mdm-2,CHEMBL1694393,
CHEMBL1689397,170,nM,6.77,CHEMBL5023,p53-binding protein Mdm-2,CHEMBL1694393,
CHEMBL1689398,6.2,nM,8.21,CHEMBL5023,p53-binding protein Mdm-2,CHEMBL1694393,
CHEMBL1689399,15,nM,7.82,CHEMBL5023,p53-binding protein Mdm-2,CHEMBL1694393,
CHEMBL1689400,18,nM,7.75,CHEMBL5023,p53-binding protein Mdm-2,CHEMBL1694393,
CHEMBL1689401,39,nM,7.41,CHEMBL5023,p53-binding protein Mdm-2,CHEMBL1694393,
CHEMBL1689402,28,nM,7.55,CHEMBL5023,p53-binding protein Mdm-2,CHEMBL1694393,
CHEMBL1689403,14,nM,7.85,CHEMBL5023,p53-binding protein Mdm-2,CHEMBL1694393,
CHEMBL1689404,2300,nM,5.64,CHEMBL5023,p53-binding protein Mdm-2,CHEMBL1694393,
CHEMBL178578,1700,nM,5.77,CHEMBL5023,p53-binding protein Mdm-2,CHEMBL874553,
CHEMBL1818538,100,nM,7,CHEMBL5023,p53-binding protein Mdm-2,CHEMBL2383516,
CHEMBL182051,30000,nM,4.52,CHEMBL5023,p53-binding protein Mdm-2,CHEMBL874553,
CHEMBL1909836,1060,nM,5.97,CHEMBL615023,U2OS,CHEMBL1912498,
CHEMBL191334,3.5,nM,8.46,CHEMBL1907611,Tumour suppressor p53/oncoprotein Mdm2,CHEMBL4201979,
CHEMBL2059299,2420,nM,5.62,CHEMBL1907611,Tumour suppressor p53/oncoprotein Mdm2,CHEMBL2060736,
CHEMBL2059300,2.2,nM,8.66,CHEMBL1907611,Tumour suppressor p53/oncoprotein Mdm2,CHEMBL2060736,
CHEMBL2059435,1,nM,9,CHEMBL1907611,Tumour suppressor p53/oncoprotein Mdm2,CHEMBL3363505,
CHEMBL207202,2390,nM,5.62,CHEMBL5023,p53-binding protein Mdm-2,CHEMBL868168,
CHEMBL207255,850,nM,6.07,CHEMBL5023,p53-binding protein Mdm-2,CHEMBL854219,
CHEMBL207332,250,nM,6.6,CHEMBL5023,p53-binding protein Mdm-2,CHEMBL865541,
CHEMBL207364,787,nM,6.1,CHEMBL5023,p53-binding protein Mdm-2,CHEMBL868168,
CHEMBL207505,13300,nM,4.88,CHEMBL5023,p53-binding protein Mdm-2,CHEMBL854219,
CHEMBL207541,5400,nM,5.27,CHEMBL5023,p53-binding protein Mdm-2,CHEMBL868168,
CHEMBL207845,1040,nM,5.98,CHEMBL5023,p53-binding protein Mdm-2,CHEMBL854219,
CHEMBL208007,2150,nM,5.67,CHEMBL5023,p53-binding protein Mdm-2,CHEMBL854219,
CHEMBL208020,4350,nM,5.36,CHEMBL5023,p53-binding protein Mdm-2,CHEMBL854219,
CHEMBL208554,810,nM,6.09,CHEMBL5023,p53-binding protein Mdm-2,CHEMBL865541,
CHEMBL208562,546,nM,6.26,CHEMBL5023,p53-binding protein Mdm-2,CHEMBL868168,
CHEMBL208625,11600,nM,4.94,CHEMBL5023,p53-binding protein Mdm-2,CHEMBL865541,
CHEMBL2089149,11100,nM,4.96,CHEMBL614894,SAOS-2,CHEMBL2091390,
CHEMBL2089150,61800,nM,4.21,CHEMBL614894,SAOS-2,CHEMBL2091390,
CHEMBL2089151,3500,nM,5.46,CHEMBL615023,U2OS,CHEMBL2091391,
CHEMBL2089152,6590,nM,5.18,CHEMBL614894,SAOS-2,CHEMBL2091390,
CHEMBL2089153,2610,nM,5.58,CHEMBL615023,U2OS,CHEMBL2091391,
CHEMBL2089200,12700,nM,4.9,CHEMBL614894,SAOS-2,CHEMBL2091390,
CHEMBL2089201,6480,nM,5.19,CHEMBL614894,SAOS-2,CHEMBL2091390,
CHEMBL2089203,5690,nM,5.25,CHEMBL615023,U2OS,CHEMBL2091391,
CHEMBL2089204,9440,nM,5.03,CHEMBL392,A549,CHEMBL2091392,
CHEMBL2089205,20000,nM,4.7,CHEMBL614894,SAOS-2,CHEMBL2091390,
CHEMBL2089206,19100,nM,4.72,CHEMBL614894,SAOS-2,CHEMBL2091390,
CHEMBL2089207,25500,nM,4.59,CHEMBL614894,SAOS-2,CHEMBL2091390,
CHEMBL2089208,7530,nM,5.12,CHEMBL615023,U2OS,CHEMBL2091391,
CHEMBL2089209,19400,nM,4.71,CHEMBL392,A549,CHEMBL2091392,
CHEMBL2089210,11000,nM,4.96,CHEMBL614894,SAOS-2,CHEMBL2091390,
CHEMBL2089211,9230,nM,5.04,CHEMBL614894,SAOS-2,CHEMBL2091390,
CHEMBL2089320,33900,nM,4.47,CHEMBL615023,U2OS,CHEMBL2091391,
CHEMBL2089321,67600,nM,4.17,CHEMBL615023,U2OS,CHEMBL2091391,
CHEMBL208999,2700,nM,5.57,CHEMBL5023,p53-binding protein Mdm-2,CHEMBL865541,
CHEMBL209156,10200,nM,4.99,CHEMBL5023,p53-binding protein Mdm-2,CHEMBL854219,
CHEMBL209169,510,nM,6.29,CHEMBL5023,p53-binding protein Mdm-2,CHEMBL854219,
CHEMBL209201,2700,nM,5.57,CHEMBL5023,p53-binding protein Mdm-2,CHEMBL868168,
CHEMBL210151,700,nM,6.16,CHEMBL5023,p53-binding protein Mdm-2,CHEMBL854219,
CHEMBL210409,2820,nM,5.55,CHEMBL5023,p53-binding protein Mdm-2,CHEMBL854219,
CHEMBL210443,3330,nM,5.48,CHEMBL5023,p53-binding protein Mdm-2,CHEMBL854219,
CHEMBL210545,394,nM,6.41,CHEMBL5023,p53-binding protein Mdm-2,CHEMBL868168,
CHEMBL210853,2600,nM,5.58,CHEMBL5023,p53-binding protein Mdm-2,CHEMBL865541,
CHEMBL210913,1110,nM,5.96,CHEMBL5023,p53-binding protein Mdm-2,CHEMBL854219,
CHEMBL211045,104.5,nM,6.98,CHEMBL5023,p53-binding protein Mdm-2,CHEMBL3820275,
CHEMBL212568,19000,nM,4.72,CHEMBL5023,p53-binding protein Mdm-2,CHEMBL865541,
CHEMBL212747,12200,nM,4.91,CHEMBL5023,p53-binding protein Mdm-2,CHEMBL865541,
CHEMBL2151052,7100,nM,5.15,CHEMBL5023,p53-binding protein Mdm-2,CHEMBL2156543,
CHEMBL2152318,2700,nM,5.57,CHEMBL5023,p53-binding protein Mdm-2,CHEMBL2156543,
CHEMBL2152319,1800,nM,5.75,CHEMBL5023,p53-binding protein Mdm-2,CHEMBL2156543,
CHEMBL2152320,260,nM,6.58,CHEMBL5023,p53-binding protein Mdm-2,CHEMBL2156543,
CHEMBL2152321,3100,nM,5.51,CHEMBL5023,p53-binding protein Mdm-2,CHEMBL2156543,
CHEMBL2152322,9500,nM,5.02,CHEMBL5023,p53-binding protein Mdm-2,CHEMBL2156543,
CHEMBL2152323,3000,nM,5.52,CHEMBL5023,p53-binding protein Mdm-2,CHEMBL2156543,
CHEMBL2152324,840,nM,6.08,CHEMBL5023,p53-binding protein Mdm-2,CHEMBL2156543,
CHEMBL2152325,4400,nM,5.36,CHEMBL5023,p53-binding protein Mdm-2,CHEMBL2156543,
CHEMBL2152326,340,nM,6.47,CHEMBL5023,p53-binding protein Mdm-2,CHEMBL2156543,
CHEMBL2152327,1100,nM,5.96,CHEMBL5023,p53-binding protein Mdm-2,CHEMBL2156543,
CHEMBL2152328,1800,nM,5.75,CHEMBL5023,p53-binding protein Mdm-2,CHEMBL2156543,
CHEMBL2152329,1200,nM,5.92,CHEMBL5023,p53-binding protein Mdm-2,CHEMBL2156543,
CHEMBL2152330,140,nM,6.85,CHEMBL5023,p53-binding protein Mdm-2,CHEMBL2156543,
CHEMBL2152331,160,nM,6.8,CHEMBL5023,p53-binding protein Mdm-2,CHEMBL2156543,
CHEMBL2152332,108,nM,6.97,CHEMBL5023,p53-binding protein Mdm-2,CHEMBL4019946,
CHEMBL2177203,76,nM,7.12,CHEMBL1907611,Tumour suppressor p53/oncoprotein Mdm2,CHEMBL2182642,
CHEMBL2177813,34,nM,7.47,CHEMBL1907611,Tumour suppressor p53/oncoprotein Mdm2,CHEMBL2182642,
CHEMBL2180122,8720,nM,5.06,CHEMBL392,A549,CHEMBL2184824,
CHEMBL223723,13100,nM,4.88,CHEMBL5023,p53-binding protein Mdm-2,CHEMBL2447327,
CHEMBL225454,19600,nM,4.71,CHEMBL5023,p53-binding protein Mdm-2,CHEMBL2447327,
CHEMBL2347375,9.4,nM,8.03,CHEMBL5023,p53-binding protein Mdm-2,CHEMBL2351555,
CHEMBL2347376,290,nM,6.54,CHEMBL5023,p53-binding protein Mdm-2,CHEMBL2351555,
CHEMBL2347377,140,nM,6.85,CHEMBL5023,p53-binding protein Mdm-2,CHEMBL2351555,
CHEMBL2347378,2900,nM,5.54,CHEMBL5023,p53-binding protein Mdm-2,CHEMBL2351555,
CHEMBL2347379,8100,nM,5.09,CHEMBL5023,p53-binding protein Mdm-2,CHEMBL2351555,
CHEMBL2347380,1800,nM,5.75,CHEMBL5023,p53-binding protein Mdm-2,CHEMBL2351555,
CHEMBL2347381,1900,nM,5.72,CHEMBL5023,p53-binding protein Mdm-2,CHEMBL2351555,
CHEMBL2347382,2100,nM,5.68,CHEMBL5023,p53-binding protein Mdm-2,CHEMBL2351555,
CHEMBL2347383,86,nM,7.07,CHEMBL5023,p53-binding protein Mdm-2,CHEMBL2351555,
CHEMBL2347384,11700,nM,4.93,CHEMBL5023,p53-binding protein Mdm-2,CHEMBL2351555,
CHEMBL2347385,1800,nM,5.75,CHEMBL5023,p53-binding protein Mdm-2,CHEMBL2351555,
CHEMBL2347387,1400,nM,5.85,CHEMBL5023,p53-binding protein Mdm-2,CHEMBL2351555,
CHEMBL2347388,880,nM,6.06,CHEMBL5023,p53-binding protein Mdm-2,CHEMBL2351555,
CHEMBL2347389,100,nM,7,CHEMBL5023,p53-binding protein Mdm-2,CHEMBL2351555,
CHEMBL2347390,9900,nM,5,CHEMBL5023,p53-binding protein Mdm-2,CHEMBL2351555,
CHEMBL2347391,1300,nM,5.89,CHEMBL5023,p53-binding protein Mdm-2,CHEMBL2351555,
CHEMBL2347392,7400,nM,5.13,CHEMBL5023,p53-binding protein Mdm-2,CHEMBL2351555,
CHEMBL2347393,610,nM,6.21,CHEMBL5023,p53-binding protein Mdm-2,CHEMBL2351555,
CHEMBL2347394,70,nM,7.16,CHEMBL5023,p53-binding protein Mdm-2,CHEMBL2351555,
CHEMBL2347397,14100,nM,4.85,CHEMBL5023,p53-binding protein Mdm-2,CHEMBL2351555,
CHEMBL2347398,5400,nM,5.27,CHEMBL5023,p53-binding protein Mdm-2,CHEMBL2351555,
CHEMBL2347399,1000,nM,6,CHEMBL5023,p53-binding protein Mdm-2,CHEMBL2351555,
CHEMBL2347401,1800,nM,5.75,CHEMBL5023,p53-binding protein Mdm-2,CHEMBL2351555,
CHEMBL2347403,1500,nM,5.82,CHEMBL5023,p53-binding protein Mdm-2,CHEMBL2351555,
CHEMBL2381406,100,nM,7,CHEMBL5023,p53-binding protein Mdm-2,CHEMBL2383516,
CHEMBL2381408,100,nM,7,CHEMBL612518,LNCaP,CHEMBL3413429,
CHEMBL2386346,18,nM,7.75,CHEMBL5023,p53-binding protein Mdm-2,CHEMBL2389364,
CHEMBL239274,49000,nM,4.31,CHEMBL3471,Human immunodeficiency virus type 1 integrase,CHEMBL888080,
CHEMBL2396674,5.6,nM,8.25,CHEMBL5023,p53-binding protein Mdm-2,CHEMBL3705138,246807
CHEMBL2397153,21300,nM,4.67,CHEMBL5023,p53-binding protein Mdm-2,CHEMBL2399741,
CHEMBL2397154,22200,nM,4.65,CHEMBL5023,p53-binding protein Mdm-2,CHEMBL2399741,
CHEMBL2397155,8510,nM,5.07,CHEMBL5023,p53-binding protein Mdm-2,CHEMBL2399741,
CHEMBL2398472,9.8,nM,8.01,CHEMBL5023,p53-binding protein Mdm-2,CHEMBL2401075,
CHEMBL2398473,7.1,nM,8.15,CHEMBL5023,p53-binding protein Mdm-2,CHEMBL2401075,
CHEMBL2398474,8.2,nM,8.09,CHEMBL5023,p53-binding protein Mdm-2,CHEMBL2401075,
CHEMBL2398475,8.8,nM,8.06,CHEMBL5023,p53-binding protein Mdm-2,CHEMBL2401075,
CHEMBL2398476,8.4,nM,8.08,CHEMBL5023,p53-binding protein Mdm-2,CHEMBL2401075,
CHEMBL2398477,16.3,nM,7.79,CHEMBL5023,p53-binding protein Mdm-2,CHEMBL2401075,
CHEMBL2398478,11.1,nM,7.96,CHEMBL5023,p53-binding protein Mdm-2,CHEMBL2401075,
CHEMBL2398479,7.6,nM,8.12,CHEMBL5023,p53-binding protein Mdm-2,CHEMBL2401075,
CHEMBL2402573,9,nM,8.05,CHEMBL5023,p53-binding protein Mdm-2,CHEMBL5164639,
CHEMBL2402574,74,nM,7.13,CHEMBL5023,p53-binding protein Mdm-2,CHEMBL2406002,
CHEMBL2402729,56,nM,7.25,CHEMBL5023,p53-binding protein Mdm-2,CHEMBL2406002,
CHEMBL2402730,42,nM,7.38,CHEMBL5023,p53-binding protein Mdm-2,CHEMBL2406002,
CHEMBL2402731,22,nM,7.66,CHEMBL5023,p53-binding protein Mdm-2,CHEMBL2406002,
CHEMBL2402732,23,nM,7.64,CHEMBL5023,p53-binding protein Mdm-2,CHEMBL2406002,
CHEMBL2402733,22,nM,7.66,CHEMBL5023,p53-binding protein Mdm-2,CHEMBL2406002,
CHEMBL2402734,20,nM,7.7,CHEMBL5023,p53-binding protein Mdm-2,CHEMBL2406002,
CHEMBL2402735,21,nM,7.68,CHEMBL5023,p53-binding protein Mdm-2,CHEMBL2406002,
CHEMBL2402736,25,nM,7.6,CHEMBL5023,p53-binding protein Mdm-2,CHEMBL2406002,
CHEMBL2402737,6,nM,8.22,CHEMBL5023,p53-binding protein Mdm-2,CHEMBL2406002,
CHEMBL2430323,232.5,nM,6.63,CHEMBL4630,Serine/threonine-protein kinase Chk1,CHEMBL2432952,
CHEMBL2430324,838.4,nM,6.08,CHEMBL4484,Casein kinase I delta,CHEMBL2432951,
CHEMBL2440442,10700,nM,4.97,CHEMBL5023,p53-binding protein Mdm-2,CHEMBL2447327,
CHEMBL2440443,1500,nM,5.82,CHEMBL5023,p53-binding protein Mdm-2,CHEMBL2447327,
CHEMBL2440444,11900,nM,4.92,CHEMBL5023,p53-binding protein Mdm-2,CHEMBL2447327,
CHEMBL2440448,17500,nM,4.76,CHEMBL5023,p53-binding protein Mdm-2,CHEMBL2447327,
CHEMBL2443382,49500,nM,4.3,CHEMBL5023,p53-binding protein Mdm-2,CHEMBL2447327,
CHEMBL2443387,15000,nM,4.82,CHEMBL5023,p53-binding protein Mdm-2,CHEMBL2447327,
CHEMBL2443390,32000,nM,4.5,CHEMBL5023,p53-binding protein Mdm-2,CHEMBL2447327,
CHEMBL2443391,8400,nM,5.08,CHEMBL5023,p53-binding protein Mdm-2,CHEMBL2447327,
CHEMBL2443392,12300,nM,4.91,CHEMBL5023,p53-binding protein Mdm-2,CHEMBL2447327,
CHEMBL3093509,3500,nM,5.46,CHEMBL394,HCT-116,CHEMBL3097451,
CHEMBL3093510,8000,nM,5.1,CHEMBL394,HCT-116,CHEMBL3097451,
CHEMBL3093514,1900,nM,5.72,CHEMBL394,HCT-116,CHEMBL3097451,
CHEMBL3093515,1600,nM,5.8,CHEMBL394,HCT-116,CHEMBL3097451,
CHEMBL3093521,12700,nM,4.9,CHEMBL394,HCT-116,CHEMBL3097451,
CHEMBL3093523,17300,nM,4.76,CHEMBL394,HCT-116,CHEMBL3097451,
CHEMBL3093524,5300,nM,5.28,CHEMBL394,HCT-116,CHEMBL3097451,
CHEMBL3093526,4300,nM,5.37,CHEMBL394,HCT-116,CHEMBL3097451,
CHEMBL3093533,1500,nM,5.82,CHEMBL394,HCT-116,CHEMBL3097451,
CHEMBL3093544,18500,nM,4.73,CHEMBL394,HCT-116,CHEMBL3097451,
CHEMBL3093545,2500,nM,5.6,CHEMBL394,HCT-116,CHEMBL3097451,
CHEMBL3125513,1.3,nM,8.89,CHEMBL5023,p53-binding protein Mdm-2,CHEMBL3132470,
CHEMBL3125514,0.5,nM,9.3,CHEMBL5023,p53-binding protein Mdm-2,CHEMBL3132470,
CHEMBL3125515,0.7,nM,9.15,CHEMBL5023,p53-binding protein Mdm-2,CHEMBL3132470,
CHEMBL3125516,0.9,nM,9.05,CHEMBL5023,p53-binding protein Mdm-2,CHEMBL3132470,
CHEMBL3125517,0.2,nM,9.7,CHEMBL5023,p53-binding protein Mdm-2,CHEMBL3132470,
CHEMBL3125518,0.2,nM,9.7,CHEMBL5023,p53-binding protein Mdm-2,CHEMBL3132470,
CHEMBL3125519,0.2,nM,9.7,CHEMBL5023,p53-binding protein Mdm-2,CHEMBL3132470,
CHEMBL3125520,0.2,nM,9.7,CHEMBL1907611,Tumour suppressor p53/oncoprotein Mdm2,CHEMBL3888180,378786
CHEMBL3125521,4.4,nM,8.36,CHEMBL2366298,SJSA-1,CHEMBL3132471,
CHEMBL3125522,0.3,nM,9.52,CHEMBL5023,p53-binding protein Mdm-2,CHEMBL3132470,
CHEMBL3125523,1.3,nM,8.89,CHEMBL5023,p53-binding protein Mdm-2,CHEMBL3132470,
CHEMBL3125524,0.3,nM,9.52,CHEMBL5023,p53-binding protein Mdm-2,CHEMBL3132470,
CHEMBL3125525,0.2,nM,9.7,CHEMBL5023,p53-binding protein Mdm-2,CHEMBL3132470,
CHEMBL3125526,0.2,nM,9.7,CHEMBL5023,p53-binding protein Mdm-2,CHEMBL3132470,
CHEMBL3125527,1.1,nM,8.96,CHEMBL5023,p53-binding protein Mdm-2,CHEMBL3132469,
CHEMBL3125528,0.2,nM,9.7,CHEMBL5023,p53-binding protein Mdm-2,CHEMBL3132470,
CHEMBL3125529,0.2,nM,9.7,CHEMBL5023,p53-binding protein Mdm-2,CHEMBL3132470,
CHEMBL3125530,0.3,nM,9.52,CHEMBL5023,p53-binding protein Mdm-2,CHEMBL3132470,
CHEMBL3125531,0.2,nM,9.7,CHEMBL5023,p53-binding protein Mdm-2,CHEMBL3132470,
CHEMBL3125532,0.3,nM,9.52,CHEMBL5023,p53-binding protein Mdm-2,CHEMBL3132470,
CHEMBL3125533,8.1,nM,8.09,CHEMBL2366298,SJSA-1,CHEMBL3132471,
CHEMBL3125534,4.3,nM,8.37,CHEMBL2366298,SJSA-1,CHEMBL3132471,
CHEMBL3125535,0.6,nM,9.22,CHEMBL5023,p53-binding protein Mdm-2,CHEMBL3132470,
CHEMBL3125536,0.5,nM,9.3,CHEMBL5023,p53-binding protein Mdm-2,CHEMBL3132470,
CHEMBL3125537,1.1,nM,8.96,CHEMBL5023,p53-binding protein Mdm-2,CHEMBL3243059,
CHEMBL3125538,4.8,nM,8.32,CHEMBL2366298,SJSA-1,CHEMBL3132471,
CHEMBL3125539,0.2,nM,9.7,CHEMBL5023,p53-binding protein Mdm-2,CHEMBL3132470,
CHEMBL3125540,0.4,nM,9.4,CHEMBL5023,p53-binding protein Mdm-2,CHEMBL3132470,
CHEMBL3125697,0.2,nM,9.7,CHEMBL5023,p53-binding protein Mdm-2,CHEMBL3132470,
CHEMBL3125698,3.4,nM,8.47,CHEMBL2366298,SJSA-1,CHEMBL3132471,
CHEMBL3125699,0.9,nM,9.05,CHEMBL5023,p53-binding protein Mdm-2,CHEMBL3132470,
CHEMBL3125700,0.3,nM,9.52,CHEMBL5023,p53-binding protein Mdm-2,CHEMBL3132470,
CHEMBL3125701,4,nM,8.4,CHEMBL2366298,SJSA-1,CHEMBL3132471,
CHEMBL3125702,0.6,nM,9.22,CHEMBL5023,p53-binding protein Mdm-2,CHEMBL3132470,
CHEMBL3125703,1.4,nM,8.85,CHEMBL5023,p53-binding protein Mdm-2,CHEMBL3132470,
CHEMBL3125704,1,nM,9,CHEMBL5023,p53-binding protein Mdm-2,CHEMBL3132470,
CHEMBL3125705,1,nM,9,CHEMBL1907611,Tumour suppressor p53/oncoprotein Mdm2,CHEMBL3888180,378564
CHEMBL3125706,0.4,nM,9.4,CHEMBL5023,p53-binding protein Mdm-2,CHEMBL3132470,
CHEMBL3125707,0.7,nM,9.15,CHEMBL5023,p53-binding protein Mdm-2,CHEMBL3132470,
CHEMBL3125708,1.2,nM,8.92,CHEMBL5023,p53-binding protein Mdm-2,CHEMBL3132470,
CHEMBL3125709,1.2,nM,8.92,CHEMBL5023,p53-binding protein Mdm-2,CHEMBL3132470,
CHEMBL3125710,0.7,nM,9.15,CHEMBL5023,p53-binding protein Mdm-2,CHEMBL3132470,
CHEMBL3233018,40,nM,7.4,CHEMBL5023,p53-binding protein Mdm-2,CHEMBL3240507,
CHEMBL3233049,1.5,nM,8.82,CHEMBL5023,p53-binding protein Mdm-2,CHEMBL3241172,
CHEMBL3233121,1.1,nM,8.96,CHEMBL5023,p53-binding protein Mdm-2,CHEMBL3243058,
CHEMBL3233122,0.8,nM,9.1,CHEMBL5023,p53-binding protein Mdm-2,CHEMBL3243058,
CHEMBL3233123,0.3,nM,9.52,CHEMBL5023,p53-binding protein Mdm-2,CHEMBL3243058,
CHEMBL3233124,0.6,nM,9.22,CHEMBL5023,p53-binding protein Mdm-2,CHEMBL3243058,
CHEMBL3233125,0.5,nM,9.3,CHEMBL5023,p53-binding protein Mdm-2,CHEMBL3243058,
CHEMBL3233126,0.3,nM,9.52,CHEMBL5023,p53-binding protein Mdm-2,CHEMBL3243058,
CHEMBL3233127,0.4,nM,9.4,CHEMBL5023,p53-binding protein Mdm-2,CHEMBL3243058,
CHEMBL3233128,3,nM,8.52,CHEMBL5023,p53-binding protein Mdm-2,CHEMBL3243058,
CHEMBL3233129,1.3,nM,8.89,CHEMBL5023,p53-binding protein Mdm-2,CHEMBL3243058,
CHEMBL3233130,0.5,nM,9.3,CHEMBL5023,p53-binding protein Mdm-2,CHEMBL3243058,
CHEMBL3233131,1,nM,9,CHEMBL5023,p53-binding protein Mdm-2,CHEMBL3243058,
CHEMBL3233132,5,nM,8.3,CHEMBL5023,p53-binding protein Mdm-2,CHEMBL3243058,
CHEMBL3233133,0.9,nM,9.05,CHEMBL5023,p53-binding protein Mdm-2,CHEMBL3243058,
CHEMBL3233134,0.9,nM,9.05,CHEMBL5023,p53-binding protein Mdm-2,CHEMBL3243058,
CHEMBL3233135,5,nM,8.3,CHEMBL5023,p53-binding protein Mdm-2,CHEMBL3243058,
CHEMBL3233136,1.1,nM,8.96,CHEMBL5023,p53-binding protein Mdm-2,CHEMBL3243058,
CHEMBL3233137,0.4,nM,9.4,CHEMBL5023,p53-binding protein Mdm-2,CHEMBL3243058,
CHEMBL3233138,2,nM,8.7,CHEMBL5023,p53-binding protein Mdm-2,CHEMBL3243058,
CHEMBL3233139,0.5,nM,9.3,CHEMBL5023,p53-binding protein Mdm-2,CHEMBL3243058,
CHEMBL3233140,0.4,nM,9.4,CHEMBL5023,p53-binding protein Mdm-2,CHEMBL3243058,
CHEMBL3233141,0.5,nM,9.3,CHEMBL5023,p53-binding protein Mdm-2,CHEMBL3243059,
CHEMBL3233587,600,nM,6.22,CHEMBL5023,p53-binding protein Mdm-2,CHEMBL3240507,
CHEMBL3233588,300,nM,6.52,CHEMBL5023,p53-binding protein Mdm-2,CHEMBL3240507,
CHEMBL3233589,4000,nM,5.4,CHEMBL5023,p53-binding protein Mdm-2,CHEMBL3240507,
CHEMBL3233590,2700,nM,5.57,CHEMBL5023,p53-binding protein Mdm-2,CHEMBL3240507,
CHEMBL3233591,1000,nM,6,CHEMBL5023,p53-binding protein Mdm-2,CHEMBL3240507,
CHEMBL3233592,3000,nM,5.52,CHEMBL5023,p53-binding protein Mdm-2,CHEMBL3240507,
CHEMBL3233593,3900,nM,5.41,CHEMBL5023,p53-binding protein Mdm-2,CHEMBL3240507,
CHEMBL3233595,5600,nM,5.25,CHEMBL5023,p53-binding protein Mdm-2,CHEMBL3240507,
CHEMBL3236356,0.8,nM,9.1,CHEMBL5023,p53-binding protein Mdm-2,CHEMBL3241172,
CHEMBL3236357,0.8,nM,9.1,CHEMBL5023,p53-binding protein Mdm-2,CHEMBL3241172,
CHEMBL3236358,0.8,nM,9.1,CHEMBL5023,p53-binding protein Mdm-2,CHEMBL3241172,
CHEMBL3236359,0.2,nM,9.7,CHEMBL5023,p53-binding protein Mdm-2,CHEMBL3241171,
CHEMBL3236360,3.1,nM,8.51,CHEMBL5023,p53-binding protein Mdm-2,CHEMBL3241171,
CHEMBL3236361,1.9,nM,8.72,CHEMBL5023,p53-binding protein Mdm-2,CHEMBL3241172,
CHEMBL3236362,0.6,nM,9.22,CHEMBL5023,p53-binding protein Mdm-2,CHEMBL3241171,
CHEMBL3236363,0.5,nM,9.3,CHEMBL5023,p53-binding protein Mdm-2,CHEMBL3241171,
CHEMBL3236364,0.17,nM,9.77,CHEMBL5023,p53-binding protein Mdm-2,CHEMBL3412296,
CHEMBL3236365,1.1,nM,8.96,CHEMBL5023,p53-binding protein Mdm-2,CHEMBL3241171,
CHEMBL3236635,1.8,nM,8.74,CHEMBL5023,p53-binding protein Mdm-2,CHEMBL3241172,
CHEMBL3236636,0.7,nM,9.15,CHEMBL5023,p53-binding protein Mdm-2,CHEMBL3241172,
CHEMBL3236637,0.3,nM,9.52,CHEMBL5023,p53-binding protein Mdm-2,CHEMBL3241171,
CHEMBL3236638,7.6,nM,8.12,CHEMBL5023,p53-binding protein Mdm-2,CHEMBL3241172,
CHEMBL3236639,1.4,nM,8.85,CHEMBL5023,p53-binding protein Mdm-2,CHEMBL3241172,
CHEMBL3236640,0.2,nM,9.7,CHEMBL5023,p53-binding protein Mdm-2,CHEMBL3241171,
CHEMBL3236641,1.2,nM,8.92,CHEMBL5023,p53-binding protein Mdm-2,CHEMBL3241171,
CHEMBL3236642,0.5,nM,9.3,CHEMBL5023,p53-binding protein Mdm-2,CHEMBL3241172,
CHEMBL3236643,0.2,nM,9.7,CHEMBL5023,p53-binding protein Mdm-2,CHEMBL3241171,
CHEMBL3236644,0.2,nM,9.7,CHEMBL5023,p53-binding protein Mdm-2,CHEMBL3241171,
CHEMBL3236645,0.4,nM,9.4,CHEMBL5023,p53-binding protein Mdm-2,CHEMBL3241171,
CHEMBL3236646,0.3,nM,9.52,CHEMBL5023,p53-binding protein Mdm-2,CHEMBL3241171,
CHEMBL3236647,0.8,nM,9.1,CHEMBL5023,p53-binding protein Mdm-2,CHEMBL3241172,
CHEMBL3236648,0.9,nM,9.05,CHEMBL5023,p53-binding protein Mdm-2,CHEMBL3241172,
CHEMBL3236649,0.7,nM,9.15,CHEMBL5023,p53-binding protein Mdm-2,CHEMBL3241172,
CHEMBL3236650,3,nM,8.52,CHEMBL5023,p53-binding protein Mdm-2,CHEMBL3241171,
CHEMBL3236651,1,nM,9,CHEMBL5023,p53-binding protein Mdm-2,CHEMBL3241172,
CHEMBL3236652,0.4,nM,9.4,CHEMBL5023,p53-binding protein Mdm-2,CHEMBL3241171,
CHEMBL3236653,0.7,nM,9.15,CHEMBL5023,p53-binding protein Mdm-2,CHEMBL3241172,
CHEMBL3236654,1.7,nM,8.77,CHEMBL5023,p53-binding protein Mdm-2,CHEMBL3241172,
CHEMBL3236655,0.7,nM,9.15,CHEMBL5023,p53-binding protein Mdm-2,CHEMBL3241172,
CHEMBL3236656,0.3,nM,9.52,CHEMBL5023,p53-binding protein Mdm-2,CHEMBL3241171,
CHEMBL3236657,1.1,nM,8.96,CHEMBL5023,p53-binding protein Mdm-2,CHEMBL3241172,
CHEMBL3236658,0.2,nM,9.7,CHEMBL5023,p53-binding protein Mdm-2,CHEMBL3241171,
CHEMBL3236659,0.2,nM,9.7,CHEMBL5023,p53-binding protein Mdm-2,CHEMBL3241171,
CHEMBL3236660,2,nM,8.7,CHEMBL5023,p53-binding protein Mdm-2,CHEMBL3241172,
CHEMBL3236661,1.3,nM,8.89,CHEMBL5023,p53-binding protein Mdm-2,CHEMBL3241172,
CHEMBL3236662,1.3,nM,8.89,CHEMBL5023,p53-binding protein Mdm-2,CHEMBL3241172,
CHEMBL3236663,1,nM,9,CHEMBL5023,p53-binding protein Mdm-2,CHEMBL3241172,
CHEMBL3236664,0.2,nM,9.7,CHEMBL5023,p53-binding protein Mdm-2,CHEMBL3241171,
CHEMBL3236665,1,nM,9,CHEMBL5023,p53-binding protein Mdm-2,CHEMBL3241172,
CHEMBL3236666,9,nM,8.05,CHEMBL5023,p53-binding protein Mdm-2,CHEMBL3241171,
CHEMBL3236667,0.5,nM,9.3,CHEMBL5023,p53-binding protein Mdm-2,CHEMBL3241171,
CHEMBL3260809,120,nM,6.92,CHEMBL5023,p53-binding protein Mdm-2,CHEMBL3267322,
CHEMBL3260810,11,nM,7.96,CHEMBL5023,p53-binding protein Mdm-2,CHEMBL3267322,
CHEMBL3260811,7,nM,8.15,CHEMBL5023,p53-binding protein Mdm-2,CHEMBL3267322,
CHEMBL3260812,8,nM,8.1,CHEMBL5023,p53-binding protein Mdm-2,CHEMBL3267322,
CHEMBL3260813,3,nM,8.52,CHEMBL5023,p53-binding protein Mdm-2,CHEMBL3267322,
CHEMBL3260814,4,nM,8.4,CHEMBL5023,p53-binding protein Mdm-2,CHEMBL3267322,
CHEMBL3260815,18,nM,7.75,CHEMBL5023,p53-binding protein Mdm-2,CHEMBL3267322,
CHEMBL3260816,3,nM,8.52,CHEMBL5023,p53-binding protein Mdm-2,CHEMBL3267322,
CHEMBL3260817,25,nM,7.6,CHEMBL5023,p53-binding protein Mdm-2,CHEMBL3267322,
CHEMBL3260818,6,nM,8.22,CHEMBL5023,p53-binding protein Mdm-2,CHEMBL3267322,
CHEMBL3260819,4,nM,8.4,CHEMBL5023,p53-binding protein Mdm-2,CHEMBL3267322,
CHEMBL3260820,6,nM,8.22,CHEMBL5023,p53-binding protein Mdm-2,CHEMBL3267322,
CHEMBL3260821,2,nM,8.7,CHEMBL5023,p53-binding protein Mdm-2,CHEMBL3267322,
CHEMBL3260822,2,nM,8.7,CHEMBL5023,p53-binding protein Mdm-2,CHEMBL3267322,
CHEMBL3286447,360,nM,6.44,CHEMBL5023,p53-binding protein Mdm-2,CHEMBL3295827,
CHEMBL3288447,169,nM,6.77,CHEMBL5023,p53-binding protein Mdm-2,CHEMBL3292645,
CHEMBL3288448,41,nM,7.39,CHEMBL5023,p53-binding protein Mdm-2,CHEMBL3292645,
CHEMBL3288449,24,nM,7.62,CHEMBL5023,p53-binding protein Mdm-2,CHEMBL3292645,
CHEMBL3288450,16,nM,7.8,CHEMBL5023,p53-binding protein Mdm-2,CHEMBL3292645,
CHEMBL3288451,24,nM,7.62,CHEMBL5023,p53-binding protein Mdm-2,CHEMBL3292645,
CHEMBL3291217,990,nM,6,CHEMBL5023,p53-binding protein Mdm-2,CHEMBL3295827,
CHEMBL3291218,970,nM,6.01,CHEMBL5023,p53-binding protein Mdm-2,CHEMBL3295827,
CHEMBL3291219,940,nM,6.03,CHEMBL5023,p53-binding protein Mdm-2,CHEMBL3295827,
CHEMBL3291220,910,nM,6.04,CHEMBL5023,p53-binding protein Mdm-2,CHEMBL3295827,
CHEMBL3291221,890,nM,6.05,CHEMBL5023,p53-binding protein Mdm-2,CHEMBL3295827,
CHEMBL3291222,840,nM,6.08,CHEMBL5023,p53-binding protein Mdm-2,CHEMBL3295827,
CHEMBL3291433,440,nM,6.36,CHEMBL5023,p53-binding protein Mdm-2,CHEMBL3295827,
CHEMBL3291434,810,nM,6.09,CHEMBL5023,p53-binding protein Mdm-2,CHEMBL3295827,
CHEMBL3291435,780,nM,6.11,CHEMBL5023,p53-binding protein Mdm-2,CHEMBL3295827,
CHEMBL3291436,610,nM,6.21,CHEMBL5023,p53-binding protein Mdm-2,CHEMBL3295827,
CHEMBL3291437,570,nM,6.24,CHEMBL5023,p53-binding protein Mdm-2,CHEMBL3295827,
CHEMBL3291438,550,nM,6.26,CHEMBL5023,p53-binding protein Mdm-2,CHEMBL3295827,
CHEMBL3291439,260,nM,6.58,CHEMBL5023,p53-binding protein Mdm-2,CHEMBL3295827,
CHEMBL359159,29400,nM,4.53,CHEMBL4295587,Isocitrate lyase 1,CHEMBL4258182,
CHEMBL360540,13000,nM,4.89,CHEMBL5023,p53-binding protein Mdm-2,CHEMBL874553,
CHEMBL377203,367,nM,6.43,CHEMBL5023,p53-binding protein Mdm-2,CHEMBL868168,
CHEMBL377462,36000,nM,4.44,CHEMBL5023,p53-binding protein Mdm-2,CHEMBL854219,
CHEMBL377524,8220,nM,5.08,CHEMBL5023,p53-binding protein Mdm-2,CHEMBL854219,
CHEMBL377614,250,nM,6.6,CHEMBL5023,p53-binding protein Mdm-2,CHEMBL868168,
CHEMBL377639,13100,nM,4.88,CHEMBL5023,p53-binding protein Mdm-2,CHEMBL868168,
CHEMBL378030,8600,nM,5.07,CHEMBL5023,p53-binding protein Mdm-2,CHEMBL865541,
CHEMBL378662,1550,nM,5.81,CHEMBL5023,p53-binding protein Mdm-2,CHEMBL868168,
CHEMBL378851,6250,nM,5.2,CHEMBL5023,p53-binding protein Mdm-2,CHEMBL868168,
CHEMBL378998,2830,nM,5.55,CHEMBL5023,p53-binding protein Mdm-2,CHEMBL865541,
CHEMBL379173,9,nM,8.05,CHEMBL1907611,Tumour suppressor p53/oncoprotein Mdm2,CHEMBL2182642,
CHEMBL379293,850,nM,6.07,CHEMBL5023,p53-binding protein Mdm-2,CHEMBL865541,
CHEMBL379487,5660,nM,5.25,CHEMBL5023,p53-binding protein Mdm-2,CHEMBL865541,
CHEMBL379505,800,nM,6.1,CHEMBL5023,p53-binding protein Mdm-2,CHEMBL866341,
CHEMBL379656,540,nM,6.27,CHEMBL5023,p53-binding protein Mdm-2,CHEMBL854219,
CHEMBL380178,3600,nM,5.44,CHEMBL5023,p53-binding protein Mdm-2,CHEMBL865541,
CHEMBL380214,710,nM,6.15,CHEMBL5023,p53-binding protein Mdm-2,CHEMBL854219,
CHEMBL380399,5410,nM,5.27,CHEMBL5023,p53-binding protein Mdm-2,CHEMBL865541,
CHEMBL382389,2130,nM,5.67,CHEMBL5023,p53-binding protein Mdm-2,CHEMBL854219,
CHEMBL382422,2120,nM,5.67,CHEMBL5023,p53-binding protein Mdm-2,CHEMBL854219,
CHEMBL383471,27000,nM,4.57,CHEMBL5023,p53-binding protein Mdm-2,CHEMBL854219,
CHEMBL383727,980,nM,6.01,CHEMBL5023,p53-binding protein Mdm-2,CHEMBL854219,
CHEMBL407002,11,nM,7.96,CHEMBL2850,Glycogen synthase kinase-3 alpha,CHEMBL686306,
CHEMBL407632,140,nM,6.85,CHEMBL5023,p53-binding protein Mdm-2,CHEMBL2156544,
CHEMBL410456,171,nM,6.77,CHEMBL2828,Casein kinase I delta,CHEMBL4328366,
CHEMBL411220,1090,nM,5.96,CHEMBL5023,p53-binding protein Mdm-2,CHEMBL854219,
CHEMBL424876,2440,nM,5.61,CHEMBL5023,p53-binding protein Mdm-2,CHEMBL865541,
CHEMBL425528,15000,nM,4.82,CHEMBL5023,p53-binding protein Mdm-2,CHEMBL874553,
CHEMBL426321,870,nM,6.06,CHEMBL5023,p53-binding protein Mdm-2,CHEMBL854219,
CHEMBL427042,25000,nM,4.6,CHEMBL5023,p53-binding protein Mdm-2,CHEMBL865541,
CHEMBL427316,3600,nM,5.44,CHEMBL5023,p53-binding protein Mdm-2,CHEMBL874553,
CHEMBL443053,2180,nM,5.66,CHEMBL5023,p53-binding protein Mdm-2,CHEMBL854219,
CHEMBL461462,58600,nM,4.23,CHEMBL5023,p53-binding protein Mdm-2,CHEMBL988050,
CHEMBL462089,250,nM,6.6,CHEMBL614074,V79,CHEMBL4266454,
CHEMBL514709,3300,nM,5.48,CHEMBL387,MCF7,CHEMBL955992,
CHEMBL515487,90,nM,7.05,CHEMBL5023,p53-binding protein Mdm-2,CHEMBL965739,
CHEMBL566955,189,nM,6.72,CHEMBL5023,p53-binding protein Mdm-2,CHEMBL1039715,
CHEMBL567426,1230,nM,5.91,CHEMBL1907611,Tumour suppressor p53/oncoprotein Mdm2,CHEMBL1052159,
CHEMBL572933,44.6,nM,7.35,CHEMBL5023,p53-binding protein Mdm-2,CHEMBL2401075,
CHEMBL575121,32.4,nM,7.49,CHEMBL5023,p53-binding protein Mdm-2,CHEMBL1039715,
CHEMBL575538,32.4,nM,7.49,CHEMBL5023,p53-binding protein Mdm-2,CHEMBL1039715,
CHEMBL576,1.3,nM,8.89,CHEMBL391,Vero,CHEMBL815922,
CHEMBL576342,157,nM,6.8,CHEMBL5023,p53-binding protein Mdm-2,CHEMBL1039715,
CHEMBL577393,25.7,nM,7.59,CHEMBL5023,p53-binding protein Mdm-2,CHEMBL1039715,
CHEMBL578028,16.4,nM,7.79,CHEMBL5023,p53-binding protein Mdm-2,CHEMBL1039715,
CHEMBL578238,56,nM,7.25,CHEMBL5023,p53-binding protein Mdm-2,CHEMBL1039715,
CHEMBL582845,140,nM,6.85,CHEMBL5023,p53-binding protein Mdm-2,CHEMBL1040560,
CHEMBL583959,120,nM,6.92,CHEMBL612545,Unchecked,CHEMBL5230803,
CHEMBL593074,9200,nM,5.04,CHEMBL5023,p53-binding protein Mdm-2,CHEMBL1068493,
CHEMBL593807,18000,nM,4.75,CHEMBL5023,p53-binding protein Mdm-2,CHEMBL1068493,
CHEMBL593825,20000,nM,4.7,CHEMBL5023,p53-binding protein Mdm-2,CHEMBL1068493,
CHEMBL593841,13000,nM,4.89,CHEMBL5023,p53-binding protein Mdm-2,CHEMBL1068493,
CHEMBL593921,63000,nM,4.2,CHEMBL5023,p53-binding protein Mdm-2,CHEMBL1068493,
CHEMBL593925,24000,nM,4.62,CHEMBL5023,p53-binding protein Mdm-2,CHEMBL1068493,
CHEMBL593926,13000,nM,4.89,CHEMBL5023,p53-binding protein Mdm-2,CHEMBL1068493,
CHEMBL593927,7500,nM,5.12,CHEMBL1255126,Protein Mdm4,CHEMBL1068494,
CHEMBL611023,85000,nM,4.07,CHEMBL5023,p53-binding protein Mdm-2,CHEMBL1068493,
CHEMBL611330,43000,nM,4.37,CHEMBL5023,p53-binding protein Mdm-2,CHEMBL1068493,
CHEMBL611331,38000,nM,4.42,CHEMBL5023,p53-binding protein Mdm-2,CHEMBL1068493,
CHEMBL611332,17000,nM,4.77,CHEMBL5023,p53-binding protein Mdm-2,CHEMBL1068493,
CHEMBL611333,41000,nM,4.39,CHEMBL5023,p53-binding protein Mdm-2,CHEMBL1068493,
CHEMBL611623,12000,nM,4.92,CHEMBL5023,p53-binding protein Mdm-2,CHEMBL1068493,
CHEMBL611624,8100,nM,5.09,CHEMBL1255126,Protein Mdm4,CHEMBL1068494,
CHEMBL964,31.1,nM,7.51,CHEMBL612545,Unchecked,CHEMBL4423127,
CHEMBL376408,0.3,nM,9.52,CHEMBL3883288,Bcl-xL/Bcl-2-binding component 3,CHEMBL1251003,
CHEMBL436605,2000,nM,5.7,CHEMBL4860,Apoptosis regulator Bcl-2,CHEMBL651293,
CHEMBL106708,504000,nM,3.3,CHEMBL612545,Unchecked,CHEMBL3239336,
CHEMBL1094130,40400,nM,4.39,CHEMBL4625,Apoptosis regulator Bcl-X,CHEMBL1120823,
CHEMBL1094172,10300,nM,4.99,CHEMBL4625,Apoptosis regulator Bcl-X,CHEMBL1120823,
CHEMBL1094250,180,nM,6.75,CHEMBL4361,Induced myeloid leukemia cell differentiation protein Mcl-1,CHEMBL1106539,
CHEMBL1094366,240,nM,6.62,CHEMBL4361,Induced myeloid leukemia cell differentiation protein Mcl-1,CHEMBL1106539,
CHEMBL1094444,72000,nM,4.14,CHEMBL4625,Apoptosis regulator Bcl-X,CHEMBL1120823,
CHEMBL1094809,36000,nM,4.44,CHEMBL4625,Apoptosis regulator Bcl-X,CHEMBL1120823,
CHEMBL1095146,5400,nM,5.27,CHEMBL4625,Apoptosis regulator Bcl-X,CHEMBL1120823,
CHEMBL1095307,1900,nM,5.72,CHEMBL4625,Apoptosis regulator Bcl-X,CHEMBL1120823,
CHEMBL1095308,13400,nM,4.87,CHEMBL4625,Apoptosis regulator Bcl-X,CHEMBL1120823,
CHEMBL1095309,6900,nM,5.16,CHEMBL4625,Apoptosis regulator Bcl-X,CHEMBL1120823,
CHEMBL1095310,7300,nM,5.14,CHEMBL4625,Apoptosis regulator Bcl-X,CHEMBL1120823,
CHEMBL1095757,5200,nM,5.28,CHEMBL4625,Apoptosis regulator Bcl-X,CHEMBL1120823,
CHEMBL1095758,35900,nM,4.45,CHEMBL4625,Apoptosis regulator Bcl-X,CHEMBL1120823,
CHEMBL1095759,6200,nM,5.21,CHEMBL4625,Apoptosis regulator Bcl-X,CHEMBL1120823,
CHEMBL1095770,12700,nM,4.9,CHEMBL4625,Apoptosis regulator Bcl-X,CHEMBL1120823,
CHEMBL1096087,12600,nM,4.9,CHEMBL4625,Apoptosis regulator Bcl-X,CHEMBL1120823,
CHEMBL1096755,3000,nM,5.52,CHEMBL4625,Apoptosis regulator Bcl-X,CHEMBL1120823,
CHEMBL1097075,3100,nM,5.51,CHEMBL4860,Apoptosis regulator Bcl-2,CHEMBL1120826,
CHEMBL1097427,100000,nM,4,CHEMBL4625,Apoptosis regulator Bcl-X,CHEMBL1120823,
CHEMBL1097428,12100,nM,4.92,CHEMBL4625,Apoptosis regulator Bcl-X,CHEMBL1120823,
CHEMBL1098322,26700,nM,4.57,CHEMBL4625,Apoptosis regulator Bcl-X,CHEMBL1120823,
CHEMBL1098323,5300,nM,5.28,CHEMBL4625,Apoptosis regulator Bcl-X,CHEMBL1120823,
CHEMBL1098324,3000,nM,5.52,CHEMBL4625,Apoptosis regulator Bcl-X,CHEMBL1120824,
CHEMBL1098754,12600,nM,4.9,CHEMBL4625,Apoptosis regulator Bcl-X,CHEMBL1120823,
CHEMBL1098755,6200,nM,5.21,CHEMBL4625,Apoptosis regulator Bcl-X,CHEMBL1120823,
CHEMBL1163268,10000,nM,5,CHEMBL394,HCT-116,CHEMBL1168413,
CHEMBL1164030,10000,nM,5,CHEMBL394,HCT-116,CHEMBL1168413,
CHEMBL1164031,10000,nM,5,CHEMBL394,HCT-116,CHEMBL1168413,
CHEMBL1164319,10000,nM,5,CHEMBL394,HCT-116,CHEMBL1168413,
CHEMBL1165054,10000,nM,5,CHEMBL394,HCT-116,CHEMBL1168413,
CHEMBL1165508,10000,nM,5,CHEMBL394,HCT-116,CHEMBL1168413,
CHEMBL1331211,130,nM,6.89,CHEMBL3414417,Histone acetyltransferase RTT109,CHEMBL3419557,
CHEMBL1468800,1742,nM,5.76,CHEMBL4361,Induced myeloid leukemia cell differentiation protein Mcl-1,CHEMBL1614321,Active
CHEMBL165,0.6,nM,9.22,CHEMBL284,Dipeptidyl peptidase IV,CHEMBL4232373,
CHEMBL1672070,1900,nM,5.72,CHEMBL383,HL-60,CHEMBL1827902,
CHEMBL1672071,321,nM,6.49,CHEMBL4361,Induced myeloid leukemia cell differentiation protein Mcl-1,CHEMBL2318342,
CHEMBL1672077,388,nM,6.41,CHEMBL4361,Induced myeloid leukemia cell differentiation protein Mcl-1,CHEMBL2318342,
CHEMBL1672080,342,nM,6.47,CHEMBL4860,Apoptosis regulator Bcl-2,CHEMBL1677787,
CHEMBL1672081,90,nM,7.05,CHEMBL387,MCF7,CHEMBL1677791,
CHEMBL1672082,5,nM,8.3,CHEMBL4361,Induced myeloid leukemia cell differentiation protein Mcl-1,CHEMBL1677786,
CHEMBL1689139,3,nM,8.52,CHEMBL4625,Apoptosis regulator Bcl-X,CHEMBL3406793,
CHEMBL1689140,21,nM,7.68,CHEMBL4860,Apoptosis regulator Bcl-2,CHEMBL1693055,
CHEMBL1689141,6,nM,8.22,CHEMBL4625,Apoptosis regulator Bcl-X,CHEMBL1693053,
CHEMBL1689142,16,nM,7.8,CHEMBL4625,Apoptosis regulator Bcl-X,CHEMBL1693053,
CHEMBL1689143,3,nM,8.52,CHEMBL4625,Apoptosis regulator Bcl-X,CHEMBL1693053,
CHEMBL1689144,20,nM,7.7,CHEMBL4625,Apoptosis regulator Bcl-X,CHEMBL1693053,
CHEMBL1689145,3,nM,8.52,CHEMBL4625,Apoptosis regulator Bcl-X,CHEMBL1693053,
CHEMBL1689146,29,nM,7.54,CHEMBL4625,Apoptosis regulator Bcl-X,CHEMBL1693053,
CHEMBL1689147,3000,nM,5.52,CHEMBL4625,Apoptosis regulator Bcl-X,CHEMBL1693053,
CHEMBL1802135,75000,nM,4.12,CHEMBL383,HL-60,CHEMBL1806309,
CHEMBL1824189,6400,nM,5.19,CHEMBL387,MCF7,CHEMBL1827904,
CHEMBL1824190,20,nM,7.7,CHEMBL387,MCF7,CHEMBL1827904,
CHEMBL1824800,16770,nM,4.78,CHEMBL4625,Apoptosis regulator Bcl-X,CHEMBL1825444,
CHEMBL1824801,15080,nM,4.82,CHEMBL4625,Apoptosis regulator Bcl-X,CHEMBL1825444,
CHEMBL1824802,42720,nM,4.37,CHEMBL4625,Apoptosis regulator Bcl-X,CHEMBL1825444,
CHEMBL1824803,9370,nM,5.03,CHEMBL4625,Apoptosis regulator Bcl-X,CHEMBL1825444,
CHEMBL1824804,3790,nM,5.42,CHEMBL4625,Apoptosis regulator Bcl-X,CHEMBL1825444,
CHEMBL1824805,2510,nM,5.6,CHEMBL4361,Induced myeloid leukemia cell differentiation protein Mcl-1,CHEMBL1825443,
CHEMBL1824806,3560,nM,5.45,CHEMBL4361,Induced myeloid leukemia cell differentiation protein Mcl-1,CHEMBL1825443,
CHEMBL1824807,17790,nM,4.75,CHEMBL4361,Induced myeloid leukemia cell differentiation protein Mcl-1,CHEMBL1825443,
CHEMBL1824808,5080,nM,5.29,CHEMBL4361,Induced myeloid leukemia cell differentiation protein Mcl-1,CHEMBL1825443,
CHEMBL1824809,3190,nM,5.5,CHEMBL4625,Apoptosis regulator Bcl-X,CHEMBL1825444,
CHEMBL1824811,6200,nM,5.21,CHEMBL4625,Apoptosis regulator Bcl-X,CHEMBL1825444,
CHEMBL1824812,310,nM,6.51,CHEMBL4625,Apoptosis regulator Bcl-X,CHEMBL1825444,
CHEMBL1824813,180,nM,6.75,CHEMBL4625,Apoptosis regulator Bcl-X,CHEMBL1825444,
CHEMBL1824814,8690,nM,5.06,CHEMBL4361,Induced myeloid leukemia cell differentiation protein Mcl-1,CHEMBL1825443,
CHEMBL1824815,5760,nM,5.24,CHEMBL4361,Induced myeloid leukemia cell differentiation protein Mcl-1,CHEMBL1825443,
CHEMBL1824816,3240,nM,5.49,CHEMBL4361,Induced myeloid leukemia cell differentiation protein Mcl-1,CHEMBL1825443,
CHEMBL1824817,2530,nM,5.6,CHEMBL4625,Apoptosis regulator Bcl-X,CHEMBL1825444,
CHEMBL1824818,2310,nM,5.64,CHEMBL4625,Apoptosis regulator Bcl-X,CHEMBL1825444,
CHEMBL1824819,4080,nM,5.39,CHEMBL4625,Apoptosis regulator Bcl-X,CHEMBL1825444,
CHEMBL1824820,1940,nM,5.71,CHEMBL4625,Apoptosis regulator Bcl-X,CHEMBL1825444,
CHEMBL1824821,1970,nM,5.71,CHEMBL4625,Apoptosis regulator Bcl-X,CHEMBL1825444,
CHEMBL1824822,42590,nM,4.37,CHEMBL4361,Induced myeloid leukemia cell differentiation protein Mcl-1,CHEMBL1825443,
CHEMBL1824823,10870,nM,4.96,CHEMBL4625,Apoptosis regulator Bcl-X,CHEMBL1825444,
CHEMBL1824824,12110,nM,4.92,CHEMBL4625,Apoptosis regulator Bcl-X,CHEMBL1825444,
CHEMBL1824825,2960,nM,5.53,CHEMBL4625,Apoptosis regulator Bcl-X,CHEMBL1825444,
CHEMBL1824826,160,nM,6.8,CHEMBL4625,Apoptosis regulator Bcl-X,CHEMBL1825444,
CHEMBL1824827,3760,nM,5.42,CHEMBL4625,Apoptosis regulator Bcl-X,CHEMBL1825444,
CHEMBL1824828,2700,nM,5.57,CHEMBL4625,Apoptosis regulator Bcl-X,CHEMBL1825444,
CHEMBL1824829,2000,nM,5.7,CHEMBL4625,Apoptosis regulator Bcl-X,CHEMBL1825444,
CHEMBL1824830,2940,nM,5.53,CHEMBL4625,Apoptosis regulator Bcl-X,CHEMBL1825444,
CHEMBL1824831,2870,nM,5.54,CHEMBL4625,Apoptosis regulator Bcl-X,CHEMBL1825444,
CHEMBL1824832,86,nM,7.07,CHEMBL4625,Apoptosis regulator Bcl-X,CHEMBL1825444,
CHEMBL1914471,2,nM,8.7,CHEMBL4523,Serine/threonine-protein kinase PIM2,CHEMBL1919014,
CHEMBL1915438,1,nM,9,CHEMBL2147,Serine/threonine-protein kinase PIM1,CHEMBL1919423,
CHEMBL1915442,3,nM,8.52,CHEMBL4523,Serine/threonine-protein kinase PIM2,CHEMBL1919014,
CHEMBL1915448,2,nM,8.7,CHEMBL2147,Serine/threonine-protein kinase PIM1,CHEMBL1919015,
CHEMBL1915449,2,nM,8.7,CHEMBL2147,Serine/threonine-protein kinase PIM1,CHEMBL1919015,
CHEMBL1915633,1,nM,9,CHEMBL4523,Serine/threonine-protein kinase PIM2,CHEMBL1919014,
CHEMBL1915636,1,nM,9,CHEMBL4523,Serine/threonine-protein kinase PIM2,CHEMBL1919014,
CHEMBL1915641,4,nM,8.4,CHEMBL2147,Serine/threonine-protein kinase PIM1,CHEMBL1919015,
CHEMBL1915644,1,nM,9,CHEMBL4523,Serine/threonine-protein kinase PIM2,CHEMBL1919014,
CHEMBL1915645,5,nM,8.3,CHEMBL4523,Serine/threonine-protein kinase PIM2,CHEMBL1919014,
CHEMBL1915646,2,nM,8.7,CHEMBL4523,Serine/threonine-protein kinase PIM2,CHEMBL1919014,
CHEMBL1915647,2,nM,8.7,CHEMBL4523,Serine/threonine-protein kinase PIM2,CHEMBL1919014,
CHEMBL1915648,5,nM,8.3,CHEMBL4523,Serine/threonine-protein kinase PIM2,CHEMBL1919014,
CHEMBL1915650,4,nM,8.4,CHEMBL4523,Serine/threonine-protein kinase PIM2,CHEMBL1919014,
CHEMBL1915651,4,nM,8.4,CHEMBL4523,Serine/threonine-protein kinase PIM2,CHEMBL1919014,
CHEMBL192571,360,nM,6.44,CHEMBL4625,Apoptosis regulator Bcl-X,CHEMBL909612,
CHEMBL194009,100000,nM,4,CHEMBL260,MAP kinase p38 alpha,CHEMBL1067575,
CHEMBL1940668,39780,nM,4.4,CHEMBL614628,Raji,CHEMBL1943456,
CHEMBL1940669,32190,nM,4.49,CHEMBL614628,Raji,CHEMBL1943456,
CHEMBL1940670,39400,nM,4.41,CHEMBL614628,Raji,CHEMBL1943456,
CHEMBL1940671,38580,nM,4.41,CHEMBL614628,Raji,CHEMBL1943456,
CHEMBL1940678,10530,nM,4.98,CHEMBL394,HCT-116,CHEMBL1943223,
CHEMBL1940679,14620,nM,4.83,CHEMBL394,HCT-116,CHEMBL1943223,
CHEMBL2030270,3000,nM,5.52,CHEMBL612545,Unchecked,CHEMBL2034200,
CHEMBL2030844,640,nM,6.19,CHEMBL4625,Apoptosis regulator Bcl-X,CHEMBL2033943,
CHEMBL2030846,30,nM,7.52,CHEMBL4625,Apoptosis regulator Bcl-X,CHEMBL2033943,
CHEMBL2030847,11,nM,7.96,CHEMBL4625,Apoptosis regulator Bcl-X,CHEMBL2033943,
CHEMBL2030848,48,nM,7.32,CHEMBL4625,Apoptosis regulator Bcl-X,CHEMBL2033943,
CHEMBL2030849,140,nM,6.85,CHEMBL4860,Apoptosis regulator Bcl-2,CHEMBL2033942,
CHEMBL2030850,55,nM,7.26,CHEMBL4625,Apoptosis regulator Bcl-X,CHEMBL2033943,
CHEMBL2030851,30,nM,7.52,CHEMBL4625,Apoptosis regulator Bcl-X,CHEMBL3888504,405342
CHEMBL2030852,20,nM,7.7,CHEMBL4860,Apoptosis regulator Bcl-2,CHEMBL3888503,405250
CHEMBL2030853,7.83,nM,8.11,CHEMBL4860,Apoptosis regulator Bcl-2,CHEMBL3888503,405251
CHEMBL2030854,26,nM,7.58,CHEMBL4625,Apoptosis regulator Bcl-X,CHEMBL2033943,
CHEMBL2030855,7,nM,8.15,CHEMBL4860,Apoptosis regulator Bcl-2,CHEMBL2033942,
CHEMBL2030856,6,nM,8.22,CHEMBL4625,Apoptosis regulator Bcl-X,CHEMBL2033943,
CHEMBL2030857,7,nM,8.15,CHEMBL4625,Apoptosis regulator Bcl-X,CHEMBL2033943,
CHEMBL2030858,15,nM,7.82,CHEMBL4625,Apoptosis regulator Bcl-X,CHEMBL2033943,
CHEMBL2030859,8,nM,8.1,CHEMBL4625,Apoptosis regulator Bcl-X,CHEMBL2033943,
CHEMBL2030860,7,nM,8.15,CHEMBL4625,Apoptosis regulator Bcl-X,CHEMBL2033943,
CHEMBL2030862,140,nM,6.85,CHEMBL4625,Apoptosis regulator Bcl-X,CHEMBL2033943,
CHEMBL2030863,65,nM,7.19,CHEMBL4860,Apoptosis regulator Bcl-2,CHEMBL2033942,
CHEMBL2030864,6,nM,8.22,CHEMBL4860,Apoptosis regulator Bcl-2,CHEMBL2033942,
CHEMBL2030865,500,nM,6.3,CHEMBL4625,Apoptosis regulator Bcl-X,CHEMBL2033943,
CHEMBL2030866,120,nM,6.92,CHEMBL4860,Apoptosis regulator Bcl-2,CHEMBL2033942,
CHEMBL2031001,140,nM,6.85,CHEMBL4860,Apoptosis regulator Bcl-2,CHEMBL2033942,
CHEMBL2031002,120,nM,6.92,CHEMBL4860,Apoptosis regulator Bcl-2,CHEMBL2033942,
CHEMBL2031003,160,nM,6.8,CHEMBL4625,Apoptosis regulator Bcl-X,CHEMBL2033943,
CHEMBL2031004,130,nM,6.89,CHEMBL4625,Apoptosis regulator Bcl-X,CHEMBL2033943,
CHEMBL2031005,160,nM,6.8,CHEMBL4860,Apoptosis regulator Bcl-2,CHEMBL2033942,
CHEMBL2031006,110,nM,6.96,CHEMBL4860,Apoptosis regulator Bcl-2,CHEMBL2033942,
CHEMBL2031007,150,nM,6.82,CHEMBL4860,Apoptosis regulator Bcl-2,CHEMBL2033942,
CHEMBL2031008,5.09,nM,8.29,CHEMBL4860,Apoptosis regulator Bcl-2,CHEMBL3888503,405268
CHEMBL2031009,8.78,nM,8.06,CHEMBL4860,Apoptosis regulator Bcl-2,CHEMBL3888503,405267
CHEMBL2031010,35,nM,7.46,CHEMBL4860,Apoptosis regulator Bcl-2,CHEMBL2033953,
CHEMBL2031011,910,nM,6.04,CHEMBL4860,Apoptosis regulator Bcl-2,CHEMBL2033953,
CHEMBL2031012,20,nM,7.7,CHEMBL4625,Apoptosis regulator Bcl-X,CHEMBL3888504,405269
CHEMBL2031013,150,nM,6.82,CHEMBL4625,Apoptosis regulator Bcl-X,CHEMBL2033954,
CHEMBL2031014,40,nM,7.4,CHEMBL4625,Apoptosis regulator Bcl-X,CHEMBL3888504,405278
CHEMBL2031015,54,nM,7.27,CHEMBL4625,Apoptosis regulator Bcl-X,CHEMBL2033954,
CHEMBL2031016,15,nM,7.82,CHEMBL4860,Apoptosis regulator Bcl-2,CHEMBL2033953,
CHEMBL2031017,35,nM,7.46,CHEMBL4860,Apoptosis regulator Bcl-2,CHEMBL2033953,
CHEMBL2031018,37,nM,7.43,CHEMBL4860,Apoptosis regulator Bcl-2,CHEMBL2033953,
CHEMBL2031019,23,nM,7.64,CHEMBL4625,Apoptosis regulator Bcl-X,CHEMBL2033954,
CHEMBL2031020,280,nM,6.55,CHEMBL4860,Apoptosis regulator Bcl-2,CHEMBL2033953,
CHEMBL2031021,10,nM,8,CHEMBL4625,Apoptosis regulator Bcl-X,CHEMBL3888504,405291
CHEMBL2031022,16,nM,7.8,CHEMBL4860,Apoptosis regulator Bcl-2,CHEMBL2033953,
CHEMBL2031023,590,nM,6.23,CHEMBL4625,Apoptosis regulator Bcl-X,CHEMBL2033954,
CHEMBL2031024,6.27,nM,8.2,CHEMBL4625,Apoptosis regulator Bcl-X,CHEMBL3888504,405302
CHEMBL2031025,20,nM,7.7,CHEMBL4860,Apoptosis regulator Bcl-2,CHEMBL3888503,405215
CHEMBL2031026,9.01,nM,8.04,CHEMBL4625,Apoptosis regulator Bcl-X,CHEMBL3888504,405311
CHEMBL2031027,8.41,nM,8.07,CHEMBL4860,Apoptosis regulator Bcl-2,CHEMBL3888503,405210
CHEMBL2031028,22,nM,7.66,CHEMBL4625,Apoptosis regulator Bcl-X,CHEMBL2033954,
CHEMBL2031029,14,nM,7.85,CHEMBL4860,Apoptosis regulator Bcl-2,CHEMBL2033953,
CHEMBL2031030,19,nM,7.72,CHEMBL4625,Apoptosis regulator Bcl-X,CHEMBL2033954,
CHEMBL2031031,60,nM,7.22,CHEMBL4625,Apoptosis regulator Bcl-X,CHEMBL3888504,405305
CHEMBL2031032,26,nM,7.58,CHEMBL4860,Apoptosis regulator Bcl-2,CHEMBL2033953,
CHEMBL205750,8090,nM,5.09,CHEMBL4677,Apoptosis regulator Bcl-W,CHEMBL866580,
CHEMBL2063882,6.1,nM,8.21,CHEMBL4625,Apoptosis regulator Bcl-X,CHEMBL2066620,
CHEMBL2063883,1.3,nM,8.89,CHEMBL4860,Apoptosis regulator Bcl-2,CHEMBL2066619,
CHEMBL2063884,1.4,nM,8.85,CHEMBL4860,Apoptosis regulator Bcl-2,CHEMBL2066619,
CHEMBL2063885,1.9,nM,8.72,CHEMBL4860,Apoptosis regulator Bcl-2,CHEMBL2066619,
CHEMBL2063886,6.6,nM,8.18,CHEMBL4860,Apoptosis regulator Bcl-2,CHEMBL2066619,
CHEMBL2063887,44.1,nM,7.36,CHEMBL4625,Apoptosis regulator Bcl-X,CHEMBL2066620,
CHEMBL2063888,7.6,nM,8.12,CHEMBL4625,Apoptosis regulator Bcl-X,CHEMBL2066620,
CHEMBL2063889,85.3,nM,7.07,CHEMBL4860,Apoptosis regulator Bcl-2,CHEMBL2066619,
CHEMBL2063891,7500,nM,5.12,CHEMBL2366149,NCI-H1417,CHEMBL2066623,
CHEMBL2063892,0.6,nM,9.22,CHEMBL4860,Apoptosis regulator Bcl-2,CHEMBL2066619,
CHEMBL2063893,5.3,nM,8.28,CHEMBL4860,Apoptosis regulator Bcl-2,CHEMBL2066619,
CHEMBL2063894,34.4,nM,7.46,CHEMBL4625,Apoptosis regulator Bcl-X,CHEMBL2066620,
CHEMBL2063895,12.6,nM,7.9,CHEMBL4625,Apoptosis regulator Bcl-X,CHEMBL2066620,
CHEMBL2063896,1.7,nM,8.77,CHEMBL4860,Apoptosis regulator Bcl-2,CHEMBL2066619,
CHEMBL2063897,4.1,nM,8.39,CHEMBL4860,Apoptosis regulator Bcl-2,CHEMBL2066619,
CHEMBL214839,7000,nM,5.16,CHEMBL4860,Apoptosis regulator Bcl-2,CHEMBL909448,
CHEMBL214965,5000,nM,5.3,CHEMBL4860,Apoptosis regulator Bcl-2,CHEMBL909448,
CHEMBL2159734,5,nM,8.3,CHEMBL4625,Apoptosis regulator Bcl-X,CHEMBL2162633,
CHEMBL2159735,2,nM,8.7,CHEMBL612545,Unchecked,CHEMBL2162632,
CHEMBL2159736,5,nM,8.3,CHEMBL612545,Unchecked,CHEMBL2162632,
CHEMBL2159737,1.3,nM,8.89,CHEMBL612545,Unchecked,CHEMBL2162632,
CHEMBL2159738,11,nM,7.96,CHEMBL4625,Apoptosis regulator Bcl-X,CHEMBL2162633,
CHEMBL2159739,2,nM,8.7,CHEMBL612545,Unchecked,CHEMBL2162632,
CHEMBL2159740,1.4,nM,8.85,CHEMBL612545,Unchecked,CHEMBL2162632,
CHEMBL2159741,7.7,nM,8.11,CHEMBL4625,Apoptosis regulator Bcl-X,CHEMBL2162633,
CHEMBL2169898,802,nM,6.1,CHEMBL4860,Apoptosis regulator Bcl-2,CHEMBL2173962,
CHEMBL2170835,7,nM,8.15,CHEMBL612545,Unchecked,CHEMBL2173960,
CHEMBL2170836,18.6,nM,7.73,CHEMBL4860,Apoptosis regulator Bcl-2,CHEMBL2173962,
CHEMBL2170837,5.4,nM,8.27,CHEMBL4860,Apoptosis regulator Bcl-2,CHEMBL2173962,
CHEMBL2170838,3.9,nM,8.41,CHEMBL612545,Unchecked,CHEMBL2173960,
CHEMBL2170839,8.2,nM,8.09,CHEMBL612545,Unchecked,CHEMBL2173960,
CHEMBL2170840,6.3,nM,8.2,CHEMBL612545,Unchecked,CHEMBL2173960,
CHEMBL2170841,1052,nM,5.98,CHEMBL612545,Unchecked,CHEMBL2173960,
CHEMBL2170842,136,nM,6.87,CHEMBL612545,Unchecked,CHEMBL2173960,
CHEMBL2170843,1920,nM,5.72,CHEMBL612545,Unchecked,CHEMBL2173960,
CHEMBL2170844,828,nM,6.08,CHEMBL4860,Apoptosis regulator Bcl-2,CHEMBL2173962,
CHEMBL2170845,844,nM,6.07,CHEMBL4860,Apoptosis regulator Bcl-2,CHEMBL2173962,
CHEMBL2170846,5.1,nM,8.29,CHEMBL612545,Unchecked,CHEMBL2173960,
CHEMBL2170847,10.8,nM,7.97,CHEMBL612545,Unchecked,CHEMBL2173960,
CHEMBL2170848,7.5,nM,8.12,CHEMBL4860,Apoptosis regulator Bcl-2,CHEMBL2173962,
CHEMBL2170849,8.3,nM,8.08,CHEMBL4860,Apoptosis regulator Bcl-2,CHEMBL2173962,
CHEMBL2170850,12.1,nM,7.92,CHEMBL612545,Unchecked,CHEMBL2173960,
CHEMBL2170851,7.7,nM,8.11,CHEMBL4860,Apoptosis regulator Bcl-2,CHEMBL2173962,
CHEMBL2170852,117,nM,6.93,CHEMBL4860,Apoptosis regulator Bcl-2,CHEMBL2173962,
CHEMBL2170853,2200,nM,5.66,CHEMBL4860,Apoptosis regulator Bcl-2,CHEMBL2173962,
CHEMBL2171003,977,nM,6.01,CHEMBL4860,Apoptosis regulator Bcl-2,CHEMBL2173962,
CHEMBL2171004,660,nM,6.18,CHEMBL4860,Apoptosis regulator Bcl-2,CHEMBL2173962,
CHEMBL2171005,255,nM,6.59,CHEMBL4860,Apoptosis regulator Bcl-2,CHEMBL2173962,
CHEMBL2171006,582,nM,6.24,CHEMBL4860,Apoptosis regulator Bcl-2,CHEMBL2173962,
CHEMBL2171007,689,nM,6.16,CHEMBL4860,Apoptosis regulator Bcl-2,CHEMBL2173962,
CHEMBL2171008,621,nM,6.21,CHEMBL4860,Apoptosis regulator Bcl-2,CHEMBL2173962,
CHEMBL2171009,744,nM,6.13,CHEMBL612545,Unchecked,CHEMBL2173960,
CHEMBL2171010,763,nM,6.12,CHEMBL4860,Apoptosis regulator Bcl-2,CHEMBL2173962,
CHEMBL2171011,1624,nM,5.79,CHEMBL4860,Apoptosis regulator Bcl-2,CHEMBL2173962,
CHEMBL217223,1600,nM,5.8,CHEMBL4860,Apoptosis regulator Bcl-2,CHEMBL909445,
CHEMBL217354,2.602,nM,8.59,CHEMBL614587,JAR,CHEMBL2363319,
CHEMBL2180320,3250,nM,5.49,CHEMBL385,K562,CHEMBL2188681,
CHEMBL218408,140,nM,6.85,CHEMBL4625,Apoptosis regulator Bcl-X,CHEMBL909612,
CHEMBL219775,6600,nM,5.18,CHEMBL4860,Apoptosis regulator Bcl-2,CHEMBL918623,
CHEMBL220055,38200,nM,4.42,CHEMBL4860,Apoptosis regulator Bcl-2,CHEMBL918623,
CHEMBL221218,440,nM,6.36,CHEMBL4625,Apoptosis regulator Bcl-X,CHEMBL909612,
CHEMBL221295,160,nM,6.8,CHEMBL4625,Apoptosis regulator Bcl-X,CHEMBL909612,
CHEMBL221708,700,nM,6.16,CHEMBL4625,Apoptosis regulator Bcl-X,CHEMBL909612,
CHEMBL221750,81,nM,7.09,CHEMBL4625,Apoptosis regulator Bcl-X,CHEMBL909612,
CHEMBL221805,83,nM,7.08,CHEMBL4625,Apoptosis regulator Bcl-X,CHEMBL909612,
CHEMBL221854,85,nM,7.07,CHEMBL4625,Apoptosis regulator Bcl-X,CHEMBL909612,
CHEMBL221856,370,nM,6.43,CHEMBL4625,Apoptosis regulator Bcl-X,CHEMBL909612,
CHEMBL222069,1300,nM,5.89,CHEMBL4625,Apoptosis regulator Bcl-X,CHEMBL909612,
CHEMBL226578,110,nM,6.96,CHEMBL400,MDA-MB-231,CHEMBL888456,
CHEMBL226678,30000,nM,4.52,CHEMBL400,MDA-MB-231,CHEMBL888456,
CHEMBL2312467,2100,nM,5.68,CHEMBL4860,Apoptosis regulator Bcl-2,CHEMBL2318341,
CHEMBL2312468,2200,nM,5.66,CHEMBL4860,Apoptosis regulator Bcl-2,CHEMBL2318341,
CHEMBL2325757,5,nM,8.3,CHEMBL4625,Apoptosis regulator Bcl-X,CHEMBL2329999,
CHEMBL2325758,6.1,nM,8.21,CHEMBL4625,Apoptosis regulator Bcl-X,CHEMBL2329999,
CHEMBL2325759,3.7,nM,8.43,CHEMBL4860,Apoptosis regulator Bcl-2,CHEMBL2330000,
CHEMBL2325760,3.8,nM,8.42,CHEMBL4860,Apoptosis regulator Bcl-2,CHEMBL2330000,
CHEMBL2325761,8.2,nM,8.09,CHEMBL4625,Apoptosis regulator Bcl-X,CHEMBL2329999,
CHEMBL2325762,16,nM,7.8,CHEMBL4625,Apoptosis regulator Bcl-X,CHEMBL2329999,
CHEMBL2325763,1.8,nM,8.74,CHEMBL4860,Apoptosis regulator Bcl-2,CHEMBL2330000,
CHEMBL2325764,1,nM,9,CHEMBL2366075,NCI-H1963,CHEMBL2330003,
CHEMBL2325765,5.6,nM,8.25,CHEMBL4860,Apoptosis regulator Bcl-2,CHEMBL2330000,
CHEMBL2325766,0.9,nM,9.05,CHEMBL4860,Apoptosis regulator Bcl-2,CHEMBL2330000,
CHEMBL2325767,12,nM,7.92,CHEMBL4625,Apoptosis regulator Bcl-X,CHEMBL2329999,
CHEMBL2325768,13,nM,7.89,CHEMBL4625,Apoptosis regulator Bcl-X,CHEMBL2329999,
CHEMBL2325769,4.5,nM,8.35,CHEMBL4625,Apoptosis regulator Bcl-X,CHEMBL2329999,
CHEMBL2325770,1.1,nM,8.96,CHEMBL4860,Apoptosis regulator Bcl-2,CHEMBL2330000,
CHEMBL2325771,1.5,nM,8.82,CHEMBL4860,Apoptosis regulator Bcl-2,CHEMBL2330000,
CHEMBL2325772,18,nM,7.75,CHEMBL4625,Apoptosis regulator Bcl-X,CHEMBL2329999,
CHEMBL2325773,32,nM,7.5,CHEMBL4625,Apoptosis regulator Bcl-X,CHEMBL2329999,
CHEMBL2325774,15,nM,7.82,CHEMBL4625,Apoptosis regulator Bcl-X,CHEMBL2329999,
CHEMBL2326037,26,nM,7.58,CHEMBL4625,Apoptosis regulator Bcl-X,CHEMBL2329999,
CHEMBL2326038,22,nM,7.66,CHEMBL4625,Apoptosis regulator Bcl-X,CHEMBL2329999,
CHEMBL2326039,3.8,nM,8.42,CHEMBL4860,Apoptosis regulator Bcl-2,CHEMBL2330000,
CHEMBL2326040,14,nM,7.85,CHEMBL4625,Apoptosis regulator Bcl-X,CHEMBL2329999,
CHEMBL2326041,7.5,nM,8.12,CHEMBL4860,Apoptosis regulator Bcl-2,CHEMBL2330000,
CHEMBL2333148,380,nM,6.42,CHEMBL614997,NCI-H23,CHEMBL2345538,
CHEMBL2398170,750,nM,6.12,CHEMBL4625,Apoptosis regulator Bcl-X,CHEMBL2399237,
CHEMBL2398172,130,nM,6.89,CHEMBL4625,Apoptosis regulator Bcl-X,CHEMBL2399239,
CHEMBL2398173,20,nM,7.7,CHEMBL4625,Apoptosis regulator Bcl-X,CHEMBL2399237,
CHEMBL2398249,49,nM,7.31,CHEMBL4625,Apoptosis regulator Bcl-X,CHEMBL2399239,
CHEMBL2398250,10,nM,8,CHEMBL4625,Apoptosis regulator Bcl-X,CHEMBL2399239,
CHEMBL2398251,260,nM,6.58,CHEMBL4625,Apoptosis regulator Bcl-X,CHEMBL2399239,
CHEMBL2398252,17,nM,7.77,CHEMBL4625,Apoptosis regulator Bcl-X,CHEMBL2399239,
CHEMBL2398253,55,nM,7.26,CHEMBL4625,Apoptosis regulator Bcl-X,CHEMBL2399239,
CHEMBL2398254,14,nM,7.85,CHEMBL4625,Apoptosis regulator Bcl-X,CHEMBL2399239,
CHEMBL2398256,100,nM,7,CHEMBL4625,Apoptosis regulator Bcl-X,CHEMBL2399239,
CHEMBL2398257,47,nM,7.33,CHEMBL4625,Apoptosis regulator Bcl-X,CHEMBL2399239,
CHEMBL2398258,51,nM,7.29,CHEMBL4625,Apoptosis regulator Bcl-X,CHEMBL2399239,
CHEMBL2398259,78,nM,7.11,CHEMBL4625,Apoptosis regulator Bcl-X,CHEMBL2399239,
CHEMBL2398260,13,nM,7.89,CHEMBL4625,Apoptosis regulator Bcl-X,CHEMBL2399237,
CHEMBL2398261,60,nM,7.22,CHEMBL4625,Apoptosis regulator Bcl-X,CHEMBL2399239,
CHEMBL2398262,77,nM,7.11,CHEMBL4625,Apoptosis regulator Bcl-X,CHEMBL2399237,
CHEMBL2398263,41,nM,7.39,CHEMBL4625,Apoptosis regulator Bcl-X,CHEMBL2399237,
CHEMBL2398264,2000,nM,5.7,CHEMBL4625,Apoptosis regulator Bcl-X,CHEMBL2399239,
CHEMBL2398265,1500,nM,5.82,CHEMBL4625,Apoptosis regulator Bcl-X,CHEMBL2399239,
CHEMBL2398267,6700,nM,5.17,CHEMBL4625,Apoptosis regulator Bcl-X,CHEMBL2399239,
CHEMBL2398272,4000,nM,5.4,CHEMBL4625,Apoptosis regulator Bcl-X,CHEMBL2399239,
CHEMBL2398273,17000,nM,4.77,CHEMBL4625,Apoptosis regulator Bcl-X,CHEMBL2399239,
CHEMBL2398274,9300,nM,5.03,CHEMBL4625,Apoptosis regulator Bcl-X,CHEMBL2399239,
CHEMBL2398276,15000,nM,4.82,CHEMBL4625,Apoptosis regulator Bcl-X,CHEMBL2399239,
CHEMBL2398277,5200,nM,5.28,CHEMBL4625,Apoptosis regulator Bcl-X,CHEMBL2399239,
CHEMBL2398282,1600,nM,5.8,CHEMBL4625,Apoptosis regulator Bcl-X,CHEMBL2399239,
CHEMBL2398283,1100,nM,5.96,CHEMBL4625,Apoptosis regulator Bcl-X,CHEMBL2399239,
CHEMBL2398285,1300,nM,5.89,CHEMBL4625,Apoptosis regulator Bcl-X,CHEMBL2399239,
CHEMBL2398286,120,nM,6.92,CHEMBL4625,Apoptosis regulator Bcl-X,CHEMBL2399239,
CHEMBL2398287,8100,nM,5.09,CHEMBL4625,Apoptosis regulator Bcl-X,CHEMBL2399239,
CHEMBL2398288,3800,nM,5.42,CHEMBL4625,Apoptosis regulator Bcl-X,CHEMBL2399239,
CHEMBL2398289,150,nM,6.82,CHEMBL4625,Apoptosis regulator Bcl-X,CHEMBL2399239,
CHEMBL2398290,6800,nM,5.17,CHEMBL4625,Apoptosis regulator Bcl-X,CHEMBL2399242,
CHEMBL2398291,10000,nM,5,CHEMBL4625,Apoptosis regulator Bcl-X,CHEMBL2399239,
CHEMBL2398292,2200,nM,5.66,CHEMBL4625,Apoptosis regulator Bcl-X,CHEMBL2399239,
CHEMBL2398294,6300,nM,5.2,CHEMBL4625,Apoptosis regulator Bcl-X,CHEMBL2399239,
CHEMBL2398295,76000,nM,4.12,CHEMBL4625,Apoptosis regulator Bcl-X,CHEMBL2399239,
CHEMBL2398296,1700,nM,5.77,CHEMBL4625,Apoptosis regulator Bcl-X,CHEMBL2399239,
CHEMBL2398297,2700,nM,5.57,CHEMBL4625,Apoptosis regulator Bcl-X,CHEMBL2399239,
CHEMBL243190,11700,nM,4.93,CHEMBL379,Hepatitis C virus,CHEMBL2388192,
CHEMBL2442249,310,nM,6.51,CHEMBL4361,Induced myeloid leukemia cell differentiation protein Mcl-1,CHEMBL2445382,
CHEMBL259033,2600,nM,5.58,CHEMBL4860,Apoptosis regulator Bcl-2,CHEMBL932183,
CHEMBL259034,290,nM,6.54,CHEMBL400,MDA-MB-231,CHEMBL948876,
CHEMBL266944,9.1,nM,8.04,CHEMBL4625,Apoptosis regulator Bcl-X,CHEMBL909601,
CHEMBL268908,75,nM,7.12,CHEMBL4625,Apoptosis regulator Bcl-X,CHEMBL909612,
CHEMBL269836,30700,nM,4.51,CHEMBL400,MDA-MB-231,CHEMBL948876,
CHEMBL270268,3060,nM,5.51,CHEMBL4361,Induced myeloid leukemia cell differentiation protein Mcl-1,CHEMBL932184,
CHEMBL3125476,13000,nM,4.89,CHEMBL612545,Unchecked,CHEMBL3131103,
CHEMBL3126113,540,nM,6.27,CHEMBL4361,Induced myeloid leukemia cell differentiation protein Mcl-1,CHEMBL3132073,
CHEMBL3126114,22000,nM,4.66,CHEMBL4625,Apoptosis regulator Bcl-X,CHEMBL3132072,
CHEMBL3126115,8000,nM,5.1,CHEMBL4625,Apoptosis regulator Bcl-X,CHEMBL3132072,
CHEMBL3126116,150,nM,6.82,CHEMBL4625,Apoptosis regulator Bcl-X,CHEMBL3132072,
CHEMBL3126117,26000,nM,4.58,CHEMBL4625,Apoptosis regulator Bcl-X,CHEMBL3132072,
CHEMBL3126119,4.4,nM,8.36,CHEMBL4625,Apoptosis regulator Bcl-X,CHEMBL3132072,
CHEMBL3126120,3.7,nM,8.43,CHEMBL4625,Apoptosis regulator Bcl-X,CHEMBL3132072,
CHEMBL3265294,2030,nM,5.69,CHEMBL4361,Induced myeloid leukemia cell differentiation protein Mcl-1,CHEMBL3266887,
CHEMBL3265295,2310,nM,5.64,CHEMBL4361,Induced myeloid leukemia cell differentiation protein Mcl-1,CHEMBL3266887,
CHEMBL3265296,9900,nM,5,CHEMBL4361,Induced myeloid leukemia cell differentiation protein Mcl-1,CHEMBL3266887,
CHEMBL3265297,170,nM,6.77,CHEMBL4361,Induced myeloid leukemia cell differentiation protein Mcl-1,CHEMBL3820005,
CHEMBL3265299,180,nM,6.75,CHEMBL4361,Induced myeloid leukemia cell differentiation protein Mcl-1,CHEMBL3380328,
CHEMBL3287282,20,nM,7.7,CHEMBL4625,Apoptosis regulator Bcl-X,CHEMBL3291801,
CHEMBL3287283,13,nM,7.89,CHEMBL4625,Apoptosis regulator Bcl-X,CHEMBL3291801,
CHEMBL3287285,1000,nM,6,CHEMBL4625,Apoptosis regulator Bcl-X,CHEMBL3291801,
CHEMBL3287286,9200,nM,5.04,CHEMBL4625,Apoptosis regulator Bcl-X,CHEMBL3291801,
CHEMBL3287287,9600,nM,5.02,CHEMBL4625,Apoptosis regulator Bcl-X,CHEMBL3291801,
CHEMBL3287288,720,nM,6.14,CHEMBL4625,Apoptosis regulator Bcl-X,CHEMBL3291801,
CHEMBL3287289,5300,nM,5.28,CHEMBL4625,Apoptosis regulator Bcl-X,CHEMBL3291801,
CHEMBL3287290,5100,nM,5.29,CHEMBL4625,Apoptosis regulator Bcl-X,CHEMBL3291801,
CHEMBL3287292,270,nM,6.57,CHEMBL4625,Apoptosis regulator Bcl-X,CHEMBL3291801,
CHEMBL3287293,91,nM,7.04,CHEMBL4625,Apoptosis regulator Bcl-X,CHEMBL3291801,
CHEMBL3287294,610,nM,6.21,CHEMBL4625,Apoptosis regulator Bcl-X,CHEMBL3291801,
CHEMBL3287295,32,nM,7.5,CHEMBL4625,Apoptosis regulator Bcl-X,CHEMBL3291801,
CHEMBL3287296,16,nM,7.8,CHEMBL4625,Apoptosis regulator Bcl-X,CHEMBL3291801,
CHEMBL3287297,43,nM,7.37,CHEMBL4625,Apoptosis regulator Bcl-X,CHEMBL3291801,
CHEMBL3287298,90,nM,7.05,CHEMBL4625,Apoptosis regulator Bcl-X,CHEMBL3291801,
CHEMBL3287299,4,nM,8.4,CHEMBL4625,Apoptosis regulator Bcl-X,CHEMBL3291801,
CHEMBL3287300,86,nM,7.07,CHEMBL4625,Apoptosis regulator Bcl-X,CHEMBL3291801,
CHEMBL3287301,1,nM,9,CHEMBL4625,Apoptosis regulator Bcl-X,CHEMBL3291801,
CHEMBL3287302,7,nM,8.15,CHEMBL4625,Apoptosis regulator Bcl-X,CHEMBL3291801,
CHEMBL334590,3300,nM,5.48,CHEMBL4860,Apoptosis regulator Bcl-2,CHEMBL651293,
CHEMBL334615,2600,nM,5.58,CHEMBL4625,Apoptosis regulator Bcl-X,CHEMBL647263,
CHEMBL337153,14000,nM,4.85,CHEMBL4860,Apoptosis regulator Bcl-2,CHEMBL651292,
CHEMBL339835,7400,nM,5.13,CHEMBL4625,Apoptosis regulator Bcl-X,CHEMBL647263,
CHEMBL340270,11700,nM,4.93,CHEMBL4860,Apoptosis regulator Bcl-2,CHEMBL651292,
CHEMBL371861,93,nM,7.03,CHEMBL4860,Apoptosis regulator Bcl-2,CHEMBL2208697,
CHEMBL372711,21000,nM,4.68,CHEMBL3879801,NON-PROTEIN TARGET,CHEMBL3070885,
CHEMBL373544,520,nM,6.28,CHEMBL4625,Apoptosis regulator Bcl-X,CHEMBL909612,
CHEMBL373577,360,nM,6.44,CHEMBL4625,Apoptosis regulator Bcl-X,CHEMBL909612,
CHEMBL378621,1360,nM,5.87,CHEMBL3563,Cruzipain,CHEMBL867357,
CHEMBL373712,150,nM,6.82,CHEMBL4625,Apoptosis regulator Bcl-X,CHEMBL909612,
CHEMBL374097,61,nM,7.21,CHEMBL4625,Apoptosis regulator Bcl-X,CHEMBL909612,
CHEMBL374214,510,nM,6.29,CHEMBL4625,Apoptosis regulator Bcl-X,CHEMBL909612,
CHEMBL374270,312,nM,6.51,CHEMBL4625,Apoptosis regulator Bcl-X,CHEMBL909612,
CHEMBL374271,300,nM,6.52,CHEMBL4625,Apoptosis regulator Bcl-X,CHEMBL909612,
CHEMBL374303,700,nM,6.16,CHEMBL4625,Apoptosis regulator Bcl-X,CHEMBL909612,
CHEMBL374309,11,nM,7.96,CHEMBL612545,Unchecked,CHEMBL4378472,
CHEMBL374941,2800,nM,5.55,CHEMBL4625,Apoptosis regulator Bcl-X,CHEMBL909612,
CHEMBL375628,170,nM,6.77,CHEMBL4625,Apoptosis regulator Bcl-X,CHEMBL909612,
CHEMBL375770,71,nM,7.15,CHEMBL4625,Apoptosis regulator Bcl-X,CHEMBL909612,
CHEMBL375841,200,nM,6.7,CHEMBL4625,Apoptosis regulator Bcl-X,CHEMBL909612,
CHEMBL375842,79,nM,7.1,CHEMBL4625,Apoptosis regulator Bcl-X,CHEMBL909612,
CHEMBL376055,39,nM,7.41,CHEMBL4361,Induced myeloid leukemia cell differentiation protein Mcl-1,CHEMBL918622,
CHEMBL376254,300,nM,6.52,CHEMBL4625,Apoptosis regulator Bcl-X,CHEMBL909612,
CHEMBL376409,100,nM,7,CHEMBL4625,Apoptosis regulator Bcl-X,CHEMBL909612,
CHEMBL659,100,nM,7,CHEMBL220,Acetylcholinesterase,CHEMBL644110,
CHEMBL376921,350,nM,6.46,CHEMBL4625,Apoptosis regulator Bcl-X,CHEMBL909612,
CHEMBL378147,13990,nM,4.85,CHEMBL4677,Apoptosis regulator Bcl-W,CHEMBL866580,
CHEMBL384217,178,nM,6.75,CHEMBL4625,Apoptosis regulator Bcl-X,CHEMBL909612,
CHEMBL385101,520,nM,6.28,CHEMBL4625,Apoptosis regulator Bcl-X,CHEMBL909612,
CHEMBL385119,80,nM,7.1,CHEMBL4625,Apoptosis regulator Bcl-X,CHEMBL909612,
CHEMBL387141,360,nM,6.44,CHEMBL4625,Apoptosis regulator Bcl-X,CHEMBL909612,
CHEMBL387142,140,nM,6.85,CHEMBL4625,Apoptosis regulator Bcl-X,CHEMBL909612,
CHEMBL389660,5300,nM,5.28,CHEMBL400,MDA-MB-231,CHEMBL888456,
CHEMBL402005,36,nM,7.44,CHEMBL3817,Bcl2-antagonist of cell death (BAD),CHEMBL925858,
CHEMBL404899,6100,nM,5.21,CHEMBL612545,Unchecked,CHEMBL931149,
CHEMBL408194,1110,nM,5.96,CHEMBL4860,Apoptosis regulator Bcl-2,CHEMBL3822337,
CHEMBL417799,264.6,nM,6.58,CHEMBL612545,Unchecked,CHEMBL3562021,active
CHEMBL426535,62,nM,7.21,CHEMBL4625,Apoptosis regulator Bcl-X,CHEMBL909612,
CHEMBL437148,170,nM,6.77,CHEMBL4625,Apoptosis regulator Bcl-X,CHEMBL909612,
CHEMBL438445,26850,nM,4.57,CHEMBL4677,Apoptosis regulator Bcl-W,CHEMBL866580,
CHEMBL443684,2,nM,8.7,CHEMBL4860,Apoptosis regulator Bcl-2,CHEMBL4409525,
CHEMBL444140,190,nM,6.72,CHEMBL4860,Apoptosis regulator Bcl-2,CHEMBL1019892,
CHEMBL446480,5610,nM,5.25,CHEMBL4860,Apoptosis regulator Bcl-2,CHEMBL1019892,
CHEMBL446607,1050,nM,5.98,CHEMBL4860,Apoptosis regulator Bcl-2,CHEMBL1019892,
CHEMBL446802,810,nM,6.09,CHEMBL4860,Apoptosis regulator Bcl-2,CHEMBL1019892,
CHEMBL449546,40,nM,7.4,CHEMBL4860,Apoptosis regulator Bcl-2,CHEMBL1019892,
CHEMBL450954,250,nM,6.6,CHEMBL4860,Apoptosis regulator Bcl-2,CHEMBL1019892,
CHEMBL451856,510,nM,6.29,CHEMBL4860,Apoptosis regulator Bcl-2,CHEMBL1019894,
CHEMBL452586,1070,nM,5.97,CHEMBL4860,Apoptosis regulator Bcl-2,CHEMBL1014486,
CHEMBL453380,110,nM,6.96,CHEMBL4860,Apoptosis regulator Bcl-2,CHEMBL1019892,
CHEMBL453466,280,nM,6.55,CHEMBL4860,Apoptosis regulator Bcl-2,CHEMBL1019892,
CHEMBL454406,175,nM,6.76,CHEMBL4860,Apoptosis regulator Bcl-2,CHEMBL1014486,
CHEMBL454411,42,nM,7.38,CHEMBL4860,Apoptosis regulator Bcl-2,CHEMBL1014486,
CHEMBL460173,50,nM,7.3,CHEMBL4860,Apoptosis regulator Bcl-2,CHEMBL1019892,
CHEMBL464268,1500,nM,5.82,CHEMBL4860,Apoptosis regulator Bcl-2,CHEMBL1019892,
CHEMBL464440,50000,nM,4.3,CHEMBL4860,Apoptosis regulator Bcl-2,CHEMBL1019892,
CHEMBL466801,2500,nM,5.6,CHEMBL4860,Apoptosis regulator Bcl-2,CHEMBL1019892,
CHEMBL467229,100,nM,7,CHEMBL4860,Apoptosis regulator Bcl-2,CHEMBL1019892,
CHEMBL469305,10700,nM,4.97,CHEMBL4860,Apoptosis regulator Bcl-2,CHEMBL1019892,
CHEMBL480008,3000,nM,5.52,CHEMBL4860,Apoptosis regulator Bcl-2,CHEMBL1019892,
CHEMBL480009,1900,nM,5.72,CHEMBL4860,Apoptosis regulator Bcl-2,CHEMBL1019892,
CHEMBL480010,7700,nM,5.11,CHEMBL4860,Apoptosis regulator Bcl-2,CHEMBL1019892,
CHEMBL481409,600,nM,6.22,CHEMBL612545,Unchecked,CHEMBL1107437,
CHEMBL481581,20,nM,7.7,CHEMBL4860,Apoptosis regulator Bcl-2,CHEMBL1019892,
CHEMBL481775,90,nM,7.05,CHEMBL4860,Apoptosis regulator Bcl-2,CHEMBL1019892,
CHEMBL485891,6900,nM,5.16,CHEMBL3817,Bcl2-antagonist of cell death (BAD),CHEMBL958721,
CHEMBL498873,650,nM,6.19,CHEMBL4860,Apoptosis regulator Bcl-2,CHEMBL1019894,
CHEMBL499851,25000,nM,4.6,CHEMBL392,A549,CHEMBL1002037,
CHEMBL500574,150,nM,6.82,CHEMBL4860,Apoptosis regulator Bcl-2,CHEMBL1019892,
CHEMBL500866,140,nM,6.85,CHEMBL4860,Apoptosis regulator Bcl-2,CHEMBL1019892,
CHEMBL501427,9500,nM,5.02,CHEMBL4625,Apoptosis regulator Bcl-X,CHEMBL1002036,
CHEMBL501871,160,nM,6.8,CHEMBL4860,Apoptosis regulator Bcl-2,CHEMBL1019892,
CHEMBL502066,400,nM,6.4,CHEMBL3817,Bcl2-antagonist of cell death (BAD),CHEMBL1019895,
CHEMBL503454,30,nM,7.52,CHEMBL4860,Apoptosis regulator Bcl-2,CHEMBL1019892,
CHEMBL503783,390,nM,6.41,CHEMBL4860,Apoptosis regulator Bcl-2,CHEMBL1014486,
CHEMBL504480,40,nM,7.4,CHEMBL4860,Apoptosis regulator Bcl-2,CHEMBL1019892,
CHEMBL508211,210,nM,6.68,CHEMBL4860,Apoptosis regulator Bcl-2,CHEMBL1014486,
CHEMBL508232,5000,nM,5.3,CHEMBL4625,Apoptosis regulator Bcl-X,CHEMBL1002036,
CHEMBL508392,30,nM,7.52,CHEMBL4860,Apoptosis regulator Bcl-2,CHEMBL1019894,
CHEMBL509208,20,nM,7.7,CHEMBL4860,Apoptosis regulator Bcl-2,CHEMBL1019892,
CHEMBL509351,24000,nM,4.62,CHEMBL392,A549,CHEMBL1002037,
CHEMBL509788,40,nM,7.4,CHEMBL4860,Apoptosis regulator Bcl-2,CHEMBL1019892,
CHEMBL510332,730,nM,6.14,CHEMBL4860,Apoptosis regulator Bcl-2,CHEMBL1019892,
CHEMBL510691,1060,nM,5.97,CHEMBL612545,Unchecked,CHEMBL3117766,
CHEMBL513318,230,nM,6.64,CHEMBL4860,Apoptosis regulator Bcl-2,CHEMBL1019892,
CHEMBL514298,110,nM,6.96,CHEMBL4860,Apoptosis regulator Bcl-2,CHEMBL1019892,
CHEMBL51483,100,nM,7,CHEMBL612545,Unchecked,CHEMBL5228984,
CHEMBL516633,1400,nM,5.85,CHEMBL4860,Apoptosis regulator Bcl-2,CHEMBL1019892,
CHEMBL517577,800,nM,6.1,CHEMBL4860,Apoptosis regulator Bcl-2,CHEMBL1019892,
CHEMBL518649,380,nM,6.42,CHEMBL4860,Apoptosis regulator Bcl-2,CHEMBL1019894,
CHEMBL518858,2300,nM,5.64,CHEMBL4860,Apoptosis regulator Bcl-2,CHEMBL1019892,
CHEMBL520607,3670,nM,5.43,CHEMBL4860,Apoptosis regulator Bcl-2,CHEMBL1019892,
CHEMBL523927,12300,nM,4.91,CHEMBL4625,Apoptosis regulator Bcl-X,CHEMBL1002036,
CHEMBL525418,9000,nM,5.05,CHEMBL392,A549,CHEMBL1002037,
CHEMBL538412,2000,nM,5.7,CHEMBL398,KB,CHEMBL1051616,
CHEMBL538895,8000,nM,5.1,CHEMBL394,HCT-116,CHEMBL1051617,
CHEMBL539481,110,nM,6.96,CHEMBL4625,Apoptosis regulator Bcl-X,CHEMBL1031062,
CHEMBL539908,11600,nM,4.94,CHEMBL398,KB,CHEMBL1051616,
CHEMBL541004,710,nM,6.15,CHEMBL4860,Apoptosis regulator Bcl-2,CHEMBL1031851,
CHEMBL541427,350,nM,6.46,CHEMBL4361,Induced myeloid leukemia cell differentiation protein Mcl-1,CHEMBL1031852,
CHEMBL541496,120,nM,6.92,CHEMBL4625,Apoptosis regulator Bcl-X,CHEMBL1031062,
CHEMBL542004,400,nM,6.4,CHEMBL394,HCT-116,CHEMBL1051617,
CHEMBL551288,1700,nM,5.77,CHEMBL4625,Apoptosis regulator Bcl-X,CHEMBL1031062,
CHEMBL552287,150,nM,6.82,CHEMBL4860,Apoptosis regulator Bcl-2,CHEMBL1031851,
CHEMBL552716,1100,nM,5.96,CHEMBL394,HCT-116,CHEMBL1051617,
CHEMBL552717,11400,nM,4.94,CHEMBL394,HCT-116,CHEMBL1051617,
CHEMBL552735,410,nM,6.39,CHEMBL4625,Apoptosis regulator Bcl-X,CHEMBL1031062,
CHEMBL553474,3200,nM,5.5,CHEMBL4361,Induced myeloid leukemia cell differentiation protein Mcl-1,CHEMBL1031852,
CHEMBL553855,300,nM,6.52,CHEMBL394,HCT-116,CHEMBL1051617,
CHEMBL554122,5800,nM,5.24,CHEMBL394,HCT-116,CHEMBL1051617,
CHEMBL554545,700,nM,6.16,CHEMBL4860,Apoptosis regulator Bcl-2,CHEMBL1031851,
CHEMBL555367,11400,nM,4.94,CHEMBL394,HCT-116,CHEMBL1051617,
CHEMBL556082,4000,nM,5.4,CHEMBL398,KB,CHEMBL1057819,
CHEMBL557340,4700,nM,5.33,CHEMBL398,KB,CHEMBL1051616,
CHEMBL55814,3600,nM,5.44,CHEMBL2558,Death-associated protein kinase 1,CHEMBL5318937,
CHEMBL558462,1700,nM,5.77,CHEMBL394,HCT-116,CHEMBL1051617,
CHEMBL560141,14730,nM,4.83,CHEMBL613508,DU-145,CHEMBL1055743,
CHEMBL560651,400,nM,6.4,CHEMBL394,HCT-116,CHEMBL1051617,
CHEMBL561602,1200,nM,5.92,CHEMBL397,Jurkat,CHEMBL1054990,
CHEMBL595134,35,nM,7.46,CHEMBL4361,Induced myeloid leukemia cell differentiation protein Mcl-1,CHEMBL1677786,
CHEMBL602758,5100,nM,5.29,CHEMBL4625,Apoptosis regulator Bcl-X,CHEMBL1072273,
CHEMBL2107358,0.3552,nM,9.45,CHEMBL1075577,SK-MEL-30,CHEMBL2363649,
CHEMBL1336889,33000,nM,4.48,CHEMBL1250348,Myc proto-oncogene protein,CHEMBL2318156,
CHEMBL1371773,41500,nM,4.38,CHEMBL2146298,Protein skinhead-1,CHEMBL2114714,active
CHEMBL2312748,97000,nM,4.01,CHEMBL4685,Indoleamine 2,,
CHEMBL2312756,8700,nM,5.06,CHEMBL612518,LNCaP,CHEMBL4383534,
CHEMBL112,2300,nM,5.64,CHEMBL2406892,Myoglobin,CHEMBL2411426,
CHEMBL1230189,29400,nM,4.53,CHEMBL5747,CREB-binding protein,CHEMBL3790857,
CHEMBL1232461,20,nM,7.7,CHEMBL1163125,Bromodomain-containing protein 4,CHEMBL4236638,
CHEMBL12543,2660000,nM,2.58,CHEMBL1163125,Bromodomain-containing protein 4,CHEMBL4316274,
CHEMBL1738777,28000,nM,4.55,CHEMBL1293289,Bromodomain-containing protein 2,CHEMBL2439862,
CHEMBL1738926,15.5,nM,7.81,CHEMBL1163125,Bromodomain-containing protein 4,CHEMBL1958573,
CHEMBL1828978,3000,nM,5.52,CHEMBL1293289,Bromodomain-containing protein 2,CHEMBL1833000,
CHEMBL1828979,800,nM,6.1,CHEMBL1163125,Bromodomain-containing protein 4,CHEMBL2351097,
CHEMBL1828980,6000,nM,5.22,CHEMBL1293289,Bromodomain-containing protein 2,CHEMBL1832995,
CHEMBL1828981,7400,nM,5.13,CHEMBL1293289,Bromodomain-containing protein 2,CHEMBL1832995,
CHEMBL1828982,4200,nM,5.38,CHEMBL1293289,Bromodomain-containing protein 2,CHEMBL1832995,
CHEMBL1828983,3300,nM,5.48,CHEMBL1293289,Bromodomain-containing protein 2,CHEMBL1832995,
CHEMBL1828984,28200,nM,4.55,CHEMBL1293289,Bromodomain-containing protein 2,CHEMBL1832995,
CHEMBL1828985,2300,nM,5.64,CHEMBL1293289,Bromodomain-containing protein 2,CHEMBL1832995,
CHEMBL1828986,1600,nM,5.8,CHEMBL1293289,Bromodomain-containing protein 2,CHEMBL1832995,
CHEMBL1950956,1500,nM,5.82,CHEMBL3108642,Bromodomain adjacent to zinc finger domain protein 2A,CHEMBL3772735,
CHEMBL1950957,30000,nM,4.52,CHEMBL1293289,Bromodomain-containing protein 2,CHEMBL1953106,
CHEMBL1957266,3.9,nM,8.41,CHEMBL1163125,Bromodomain-containing protein 4,CHEMBL4710395,
CHEMBL2153434,15.5,nM,7.81,CHEMBL1163125,Bromodomain-containing protein 4,CHEMBL2156119,
CHEMBL2179387,41,nM,7.39,CHEMBL1163125,Bromodomain-containing protein 4,CHEMBL5147024,
CHEMBL2181701,7400,nM,5.13,CHEMBL1163125,Bromodomain-containing protein 4,CHEMBL2182558,
CHEMBL2181702,1500,nM,5.82,CHEMBL1795186,Bromodomain-containing protein 3,CHEMBL2182559,
CHEMBL2181703,700,nM,6.16,CHEMBL1795186,Bromodomain-containing protein 3,CHEMBL2182559,
CHEMBL2181704,700,nM,6.16,CHEMBL1795186,Bromodomain-containing protein 3,CHEMBL2182559,
CHEMBL2181705,1100,nM,5.96,CHEMBL1795186,Bromodomain-containing protein 3,CHEMBL2182559,
CHEMBL2181706,800,nM,6.1,CHEMBL1795186,Bromodomain-containing protein 3,CHEMBL2182559,
CHEMBL2181707,8200,nM,5.09,CHEMBL1795186,Bromodomain-containing protein 3,CHEMBL2182559,
CHEMBL2181708,11000,nM,4.96,CHEMBL1795186,Bromodomain-containing protein 3,CHEMBL2182559,
CHEMBL2181709,3200,nM,5.5,CHEMBL1795186,Bromodomain-containing protein 3,CHEMBL2182559,
CHEMBL2181710,6500,nM,5.19,CHEMBL1795186,Bromodomain-containing protein 3,CHEMBL2182559,
CHEMBL2181711,11000,nM,4.96,CHEMBL1795186,Bromodomain-containing protein 3,CHEMBL2182559,
CHEMBL2181712,21000,nM,4.68,CHEMBL1795186,Bromodomain-containing protein 3,CHEMBL2182559,
CHEMBL2181713,8400,nM,5.08,CHEMBL1795186,Bromodomain-containing protein 3,CHEMBL2182559,
CHEMBL2181714,9000,nM,5.05,CHEMBL1293289,Bromodomain-containing protein 2,CHEMBL2182560,
CHEMBL2181715,3000,nM,5.52,CHEMBL1795186,Bromodomain-containing protein 3,CHEMBL2182559,
CHEMBL2181716,1400,nM,5.85,CHEMBL1795186,Bromodomain-containing protein 3,CHEMBL2182559,
CHEMBL2181717,2200,nM,5.66,CHEMBL1795186,Bromodomain-containing protein 3,CHEMBL2182559,
CHEMBL2181718,1100,nM,5.96,CHEMBL1795186,Bromodomain-containing protein 3,CHEMBL2182559,
CHEMBL2181719,1000,nM,6,CHEMBL1163125,Bromodomain-containing protein 4,CHEMBL2182558,
CHEMBL2181720,1300,nM,5.89,CHEMBL1795186,Bromodomain-containing protein 3,CHEMBL2182559,
CHEMBL2181721,125.89,nM,6.9,CHEMBL613107,PBMC,CHEMBL2186995,
CHEMBL2181722,200,nM,6.7,CHEMBL1795186,Bromodomain-containing protein 3,CHEMBL3624111,
CHEMBL2181723,700,nM,6.16,CHEMBL1795186,Bromodomain-containing protein 3,CHEMBL2182559,
CHEMBL2181724,1000,nM,6,CHEMBL1795186,Bromodomain-containing protein 3,CHEMBL2182559,
CHEMBL2181725,2200,nM,5.66,CHEMBL1795186,Bromodomain-containing protein 3,CHEMBL2182559,
CHEMBL2181726,1800,nM,5.75,CHEMBL1293289,Bromodomain-containing protein 2,CHEMBL2182560,
CHEMBL2181727,4300,nM,5.37,CHEMBL1293289,Bromodomain-containing protein 2,CHEMBL2182560,
CHEMBL2181728,1900,nM,5.72,CHEMBL1795186,Bromodomain-containing protein 3,CHEMBL2182559,
CHEMBL2181729,3600,nM,5.44,CHEMBL1293289,Bromodomain-containing protein 2,CHEMBL2182560,
CHEMBL2181730,1500,nM,5.82,CHEMBL1293289,Bromodomain-containing protein 2,CHEMBL2182560,
CHEMBL2181731,4900,nM,5.31,CHEMBL1293289,Bromodomain-containing protein 2,CHEMBL2182560,
CHEMBL2181732,1900,nM,5.72,CHEMBL1795186,Bromodomain-containing protein 3,CHEMBL2182559,
CHEMBL2181733,4700,nM,5.33,CHEMBL1795186,Bromodomain-containing protein 3,CHEMBL2182559,
CHEMBL2181734,5600,nM,5.25,CHEMBL1163125,Bromodomain-containing protein 4,CHEMBL2182558,
CHEMBL2181735,13000,nM,4.89,CHEMBL1795186,Bromodomain-containing protein 3,CHEMBL2182559,
CHEMBL2181736,3800,nM,5.42,CHEMBL1795186,Bromodomain-containing protein 3,CHEMBL2182559,
CHEMBL2181737,13000,nM,4.89,CHEMBL1293289,Bromodomain-containing protein 2,CHEMBL2182560,
CHEMBL2181738,3300,nM,5.48,CHEMBL1795186,Bromodomain-containing protein 3,CHEMBL2182559,
CHEMBL2181739,3000,nM,5.52,CHEMBL1795186,Bromodomain-containing protein 3,CHEMBL2182559,
CHEMBL2181740,8600,nM,5.07,CHEMBL1795186,Bromodomain-containing protein 3,CHEMBL2182559,
CHEMBL2181741,4200,nM,5.38,CHEMBL1795186,Bromodomain-containing protein 3,CHEMBL2182559,
CHEMBL2181742,1800,nM,5.75,CHEMBL1795186,Bromodomain-containing protein 3,CHEMBL2182559,
CHEMBL285674,46.6,nM,7.33,CHEMBL612545,Unchecked,CHEMBL990634,
CHEMBL3110228,12000,nM,4.92,CHEMBL1741220,Bromodomain adjacent to zinc finger domain protein 2B,CHEMBL3111111,
CHEMBL3110241,9000,nM,5.05,CHEMBL1741220,Bromodomain adjacent to zinc finger domain protein 2B,CHEMBL3111111,
CHEMBL52030,10000,nM,5,CHEMBL364,Plasmodium falciparum,CHEMBL1267251,
CHEMBL646,1.54,nM,8.81,CHEMBL612545,Unchecked,CHEMBL990634,
CHEMBL655,61.8,nM,7.21,CHEMBL340,Cytochrome P450 3A4,CHEMBL5117648,
CHEMBL1213204,30,nM,7.52,CHEMBL1949,Cyclophilin A,CHEMBL1216020,
CHEMBL1213205,140,nM,6.85,CHEMBL4445,Serine/threonine protein phosphatase 2B catalytic subunit,,
CHEMBL1213206,950,nM,6.02,CHEMBL1949,Cyclophilin A,CHEMBL1216024,
CHEMBL1213208,2.79,nM,8.55,CHEMBL1949,Cyclophilin A,CHEMBL1216020,
CHEMBL1213209,4.75,nM,8.32,CHEMBL1949,Cyclophilin A,CHEMBL1216020,
CHEMBL1269580,26.1,nM,7.58,CHEMBL2075,Cyclophilin B,CHEMBL1273324,
CHEMBL1269581,26.7,nM,7.57,CHEMBL1949,Cyclophilin A,CHEMBL1273323,
CHEMBL1269582,20.6,nM,7.69,CHEMBL2075,Cyclophilin B,CHEMBL1273324,
CHEMBL1272245,830,nM,6.08,CHEMBL2288,Peptidyl-prolyl cis-trans isomerase NIMA-interacting 1,CHEMBL1272369,
CHEMBL13317,1920,nM,5.72,CHEMBL2780,Cyclophilin A,CHEMBL666529,
CHEMBL13342,2950,nM,5.53,CHEMBL2780,Cyclophilin A,CHEMBL666529,
CHEMBL13347,4850,nM,5.31,CHEMBL2780,Cyclophilin A,CHEMBL666529,
CHEMBL13411,4550,nM,5.34,CHEMBL2780,Cyclophilin A,CHEMBL666529,
CHEMBL13413,930,nM,6.03,CHEMBL2780,Cyclophilin A,CHEMBL666529,
CHEMBL13421,5090,nM,5.29,CHEMBL2780,Cyclophilin A,CHEMBL666529,
CHEMBL13423,1180,nM,5.93,CHEMBL2780,Cyclophilin A,CHEMBL666529,
CHEMBL13436,1410,nM,5.85,CHEMBL2780,Cyclophilin A,CHEMBL666529,
CHEMBL13519,2120,nM,5.67,CHEMBL2780,Cyclophilin A,CHEMBL666529,
CHEMBL13534,6200,nM,5.21,CHEMBL2780,Cyclophilin A,CHEMBL666529,
CHEMBL13550,3950,nM,5.4,CHEMBL2780,Cyclophilin A,CHEMBL666529,
CHEMBL13598,1120,nM,5.95,CHEMBL2780,Cyclophilin A,CHEMBL666529,
CHEMBL13602,870,nM,6.06,CHEMBL2780,Cyclophilin A,CHEMBL666529,
CHEMBL13604,1020,nM,5.99,CHEMBL2780,Cyclophilin A,CHEMBL666529,
CHEMBL13611,4000,nM,5.4,CHEMBL2780,Cyclophilin A,CHEMBL666529,
CHEMBL13640,8500,nM,5.07,CHEMBL2780,Cyclophilin A,CHEMBL666529,
CHEMBL13686,620,nM,6.21,CHEMBL2780,Cyclophilin A,CHEMBL666529,
CHEMBL13693,5900,nM,5.23,CHEMBL2780,Cyclophilin A,CHEMBL666529,
CHEMBL13709,4200,nM,5.38,CHEMBL2780,Cyclophilin A,CHEMBL666529,
CHEMBL13768,2900,nM,5.54,CHEMBL2780,Cyclophilin A,CHEMBL666529,
CHEMBL13778,480,nM,6.32,CHEMBL2780,Cyclophilin A,CHEMBL666529,
CHEMBL1770807,33.11,nM,7.48,CHEMBL1949,Cyclophilin A,CHEMBL1772770,
CHEMBL1790316,6000,nM,5.22,CHEMBL1949,Cyclophilin A,CHEMBL759111,
CHEMBL1793898,90000,nM,4.05,CHEMBL1949,Cyclophilin A,CHEMBL759111,
CHEMBL1911379,4.9,nM,8.31,CHEMBL1949,Cyclophilin A,CHEMBL1913027,
CHEMBL198293,458,nM,6.34,CHEMBL1949,Cyclophilin A,CHEMBL869970,
CHEMBL199550,528,nM,6.28,CHEMBL1949,Cyclophilin A,CHEMBL869970,
CHEMBL199968,316,nM,6.5,CHEMBL1949,Cyclophilin A,CHEMBL869970,
CHEMBL200133,640,nM,6.19,CHEMBL1949,Cyclophilin A,CHEMBL869970,
CHEMBL201025,951,nM,6.02,CHEMBL1949,Cyclophilin A,CHEMBL869970,
CHEMBL201113,1437,nM,5.84,CHEMBL1949,Cyclophilin A,CHEMBL869970,
CHEMBL201164,5500,nM,5.26,CHEMBL1949,Cyclophilin A,CHEMBL869970,
CHEMBL201394,361,nM,6.44,CHEMBL1949,Cyclophilin A,CHEMBL869970,
CHEMBL201395,60,nM,7.22,CHEMBL1949,Cyclophilin A,CHEMBL869970,
CHEMBL201450,592,nM,6.23,CHEMBL1949,Cyclophilin A,CHEMBL869970,
CHEMBL201645,71,nM,7.15,CHEMBL1949,Cyclophilin A,CHEMBL869970,
CHEMBL201664,140,nM,6.85,CHEMBL1949,Cyclophilin A,CHEMBL869970,
CHEMBL201718,810,nM,6.09,CHEMBL1949,Cyclophilin A,CHEMBL869970,
CHEMBL202414,303,nM,6.52,CHEMBL1949,Cyclophilin A,CHEMBL869970,
CHEMBL202880,754,nM,6.12,CHEMBL1949,Cyclophilin A,CHEMBL869970,
CHEMBL203100,4100,nM,5.39,CHEMBL1949,Cyclophilin A,CHEMBL869970,
CHEMBL203142,880,nM,6.06,CHEMBL1949,Cyclophilin A,CHEMBL869970,
CHEMBL203193,14,nM,7.85,CHEMBL1949,Cyclophilin A,CHEMBL869970,
CHEMBL203194,20,nM,7.7,CHEMBL1949,Cyclophilin A,CHEMBL869970,
CHEMBL268519,880,nM,6.06,CHEMBL2780,Cyclophilin A,CHEMBL666529,
CHEMBL276409,690,nM,6.16,CHEMBL2780,Cyclophilin A,CHEMBL666529,
CHEMBL276713,3350,nM,5.47,CHEMBL2780,Cyclophilin A,CHEMBL666529,
CHEMBL358925,90000,nM,4.05,CHEMBL1949,Cyclophilin A,CHEMBL666527,
CHEMBL371213,320,nM,6.5,CHEMBL1949,Cyclophilin A,CHEMBL869970,
CHEMBL373254,60,nM,7.22,CHEMBL1949,Cyclophilin A,CHEMBL869970,
CHEMBL382465,499,nM,6.3,CHEMBL1949,Cyclophilin A,CHEMBL869970,
CHEMBL382567,748,nM,6.13,CHEMBL1949,Cyclophilin A,CHEMBL869970,
CHEMBL417253,590,nM,6.23,CHEMBL2780,Cyclophilin A,CHEMBL666529,
CHEMBL429034,9500,nM,5.02,CHEMBL2780,Cyclophilin A,CHEMBL666529,
CHEMBL441409,940,nM,6.03,CHEMBL2780,Cyclophilin A,CHEMBL666529,
CHEMBL443891,160,nM,6.8,CHEMBL1949,Cyclophilin A,CHEMBL960175,
CHEMBL445297,350,nM,6.46,CHEMBL1949,Cyclophilin A,CHEMBL960175,
CHEMBL482839,810,nM,6.09,CHEMBL1949,Cyclophilin A,CHEMBL960175,
CHEMBL489021,380,nM,6.42,CHEMBL1949,Cyclophilin A,CHEMBL960175,
CHEMBL489022,330,nM,6.48,CHEMBL1949,Cyclophilin A,CHEMBL960175,
CHEMBL489041,130,nM,6.89,CHEMBL1949,Cyclophilin A,CHEMBL960175,
CHEMBL489042,450,nM,6.35,CHEMBL1949,Cyclophilin A,CHEMBL960175,
CHEMBL489637,580,nM,6.24,CHEMBL1949,Cyclophilin A,CHEMBL960175,
CHEMBL489821,920,nM,6.04,CHEMBL1949,Cyclophilin A,CHEMBL3060856,
CHEMBL489822,460,nM,6.34,CHEMBL1949,Cyclophilin A,CHEMBL960175,
CHEMBL490247,450,nM,6.35,CHEMBL1949,Cyclophilin A,CHEMBL960175,
CHEMBL490848,740,nM,6.13,CHEMBL1949,Cyclophilin A,CHEMBL3060856,
CHEMBL492070,590,nM,6.23,CHEMBL1949,Cyclophilin A,CHEMBL960175,
CHEMBL518980,740,nM,6.13,CHEMBL1949,Cyclophilin A,CHEMBL960175,
CHEMBL521943,650,nM,6.19,CHEMBL1949,Cyclophilin A,CHEMBL960175,
CHEMBL522094,600,nM,6.22,CHEMBL1949,Cyclophilin A,CHEMBL960175,
CHEMBL522416,690,nM,6.16,CHEMBL1949,Cyclophilin A,CHEMBL960175,
CHEMBL525897,263,nM,6.58,CHEMBL1949,Cyclophilin A,CHEMBL1056315,
CHEMBL540193,6000,nM,5.22,CHEMBL1949,Cyclophilin A,CHEMBL666527,
CHEMBL540479,620,nM,6.21,CHEMBL1949,Cyclophilin A,CHEMBL1056315,
CHEMBL549755,136,nM,6.87,CHEMBL1949,Cyclophilin A,CHEMBL1056315,
CHEMBL551508,159,nM,6.8,CHEMBL1949,Cyclophilin A,CHEMBL1056315,
CHEMBL552181,370,nM,6.43,CHEMBL1949,Cyclophilin A,CHEMBL1056315,
CHEMBL557628,71.2,nM,7.15,CHEMBL1949,Cyclophilin A,CHEMBL1056315,
CHEMBL559525,1.52,nM,8.82,CHEMBL1949,Cyclophilin A,CHEMBL1056315,
CHEMBL559858,31.6,nM,7.5,CHEMBL1949,Cyclophilin A,CHEMBL1056315,
CHEMBL560115,12.1,nM,7.92,CHEMBL1949,Cyclophilin A,CHEMBL1056315,
CHEMBL560173,103,nM,6.99,CHEMBL1949,Cyclophilin A,CHEMBL1056315,
CHEMBL560850,364,nM,6.44,CHEMBL1949,Cyclophilin A,CHEMBL1056315,
CHEMBL560851,2.59,nM,8.59,CHEMBL1949,Cyclophilin A,CHEMBL1056315,
CHEMBL1348295,77000,nM,4.11,CHEMBL1615381,Menin,CHEMBL3130541,
CHEMBL1438422,12800,nM,4.89,CHEMBL1615381,Menin,CHEMBL3130541,
CHEMBL1747,6.2,nM,8.21,CHEMBL612545,Unchecked,CHEMBL3858190,
CHEMBL2314568,194,nM,6.71,CHEMBL1615381,Menin,CHEMBL2320318,
CHEMBL2314569,102,nM,6.99,CHEMBL1615381,Menin,CHEMBL2320318,
CHEMBL2314570,6320,nM,5.2,CHEMBL1615381,Menin,CHEMBL2320318,
CHEMBL2314571,3330,nM,5.48,CHEMBL1615381,Menin,CHEMBL2320318,
CHEMBL2314572,112,nM,6.95,CHEMBL1615381,Menin,CHEMBL2320318,
CHEMBL2314573,159,nM,6.8,CHEMBL1615381,Menin,CHEMBL2320318,
CHEMBL2314574,2010,nM,5.7,CHEMBL1615381,Menin,CHEMBL2320318,
CHEMBL2314575,1150,nM,5.94,CHEMBL1615381,Menin,CHEMBL2320318,
CHEMBL2314576,2520,nM,5.6,CHEMBL1615381,Menin,CHEMBL2320318,
CHEMBL2314813,4610,nM,5.34,CHEMBL1615381,Menin,CHEMBL2320318,
CHEMBL2314814,36000,nM,4.44,CHEMBL1615381,Menin,CHEMBL2320318,
CHEMBL2314815,39400,nM,4.41,CHEMBL1615381,Menin,CHEMBL2320318,
CHEMBL2314816,25.1,nM,7.6,CHEMBL1615381,Menin,CHEMBL2320318,
CHEMBL2314817,102,nM,6.99,CHEMBL1615381,Menin,CHEMBL2320318,
CHEMBL2314818,422,nM,6.38,CHEMBL1615381,Menin,CHEMBL2320318,
CHEMBL2314819,18.5,nM,7.73,CHEMBL1615381,Menin,CHEMBL2320318,
CHEMBL2315084,665,nM,6.18,CHEMBL1615381,Menin,CHEMBL2320318,
CHEMBL2315085,2160,nM,5.67,CHEMBL1615381,Menin,CHEMBL2320318,
CHEMBL2315086,6450,nM,5.19,CHEMBL1615381,Menin,CHEMBL2320318,
CHEMBL2315087,226,nM,6.65,CHEMBL1615381,Menin,CHEMBL2320318,
CHEMBL2315088,10700,nM,4.97,CHEMBL1615381,Menin,CHEMBL2320318,
CHEMBL2325183,480,nM,6.32,CHEMBL5891,Protein arginine N-methyltransferase 3,CHEMBL2330282,
CHEMBL2349526,77,nM,7.11,CHEMBL1795117,Histone-lysine N-methyltransferase,,
CHEMBL3124953,529,nM,6.28,CHEMBL1615381,Menin,CHEMBL3130541,
CHEMBL3126181,15300,nM,4.82,CHEMBL1615381,Menin,CHEMBL3130541,
CHEMBL3126182,11200,nM,4.95,CHEMBL1615381,Menin,CHEMBL3130541,
CHEMBL3126183,4100,nM,5.39,CHEMBL1615381,Menin,CHEMBL3130541,
CHEMBL3126184,4000,nM,5.4,CHEMBL1615381,Menin,CHEMBL3130541,
CHEMBL3126185,390,nM,6.41,CHEMBL1615381,Menin,CHEMBL3130541,
CHEMBL3126186,1700,nM,5.77,CHEMBL1615381,Menin,CHEMBL3130541,
CHEMBL3126187,270,nM,6.57,CHEMBL1615381,Menin,CHEMBL3130541,
CHEMBL3126188,197,nM,6.71,CHEMBL1615381,Menin,CHEMBL3130541,
CHEMBL3126189,436,nM,6.36,CHEMBL1615381,Menin,CHEMBL3130541,
CHEMBL3126190,226,nM,6.65,CHEMBL1615381,Menin,CHEMBL3130541,
CHEMBL3126191,302,nM,6.52,CHEMBL1615381,Menin,CHEMBL3130541,
CHEMBL3126192,242,nM,6.62,CHEMBL1615381,Menin,CHEMBL3130541,
CHEMBL3126193,225,nM,6.65,CHEMBL1615381,Menin,CHEMBL3130541,
CHEMBL3126194,90,nM,7.05,CHEMBL1615381,Menin,CHEMBL3130541,
CHEMBL3126195,1400,nM,5.85,CHEMBL1615381,Menin,CHEMBL3130541,
CHEMBL3126196,67,nM,7.17,CHEMBL1615381,Menin,CHEMBL3130541,
CHEMBL3126197,81,nM,7.09,CHEMBL1615381,Menin,CHEMBL3130541,
CHEMBL3126198,56,nM,7.25,CHEMBL1615381,Menin,CHEMBL3130541,
CHEMBL3126199,114,nM,6.94,CHEMBL1615381,Menin,CHEMBL3130541,
CHEMBL3126200,148,nM,6.83,CHEMBL1615381,Menin,CHEMBL3130541,
CHEMBL3126201,195,nM,6.71,CHEMBL1615381,Menin,CHEMBL3130541,
CHEMBL3126202,10800,nM,4.97,CHEMBL1615381,Menin,CHEMBL3130541,
CHEMBL1271764,362,nM,6.44,CHEMBL1293239,Bcl-2-related protein A1,CHEMBL1614363,Active
CHEMBL1271993,450,nM,6.35,CHEMBL6044,Bcl-2-related protein A1,CHEMBL1273077,
CHEMBL1334552,5830,nM,5.23,CHEMBL1293239,Bcl-2-related protein A1,CHEMBL1614311,Active
CHEMBL1414442,1520,nM,5.82,CHEMBL1293239,Bcl-2-related protein A1,CHEMBL1614311,Active
CHEMBL1497208,17850,nM,4.75,CHEMBL2034807,DNA repair protein RAD51 homolog 1,CHEMBL2319671,
CHEMBL1567670,3200,nM,5.5,CHEMBL1741200,Putative hexokinase HKDC1,CHEMBL1738579,Active
CHEMBL2316719,15620,nM,4.81,CHEMBL2034807,DNA repair protein RAD51 homolog 1,CHEMBL2319671,
CHEMBL2316720,2140,nM,5.67,CHEMBL2034807,DNA repair protein RAD51 homolog 1,CHEMBL2319671,
CHEMBL2316721,1400,nM,5.85,CHEMBL2034807,DNA repair protein RAD51 homolog 1,CHEMBL2319671,
CHEMBL2316722,930,nM,6.03,CHEMBL2034807,DNA repair protein RAD51 homolog 1,CHEMBL2319671,
CHEMBL2316723,810,nM,6.09,CHEMBL2034807,DNA repair protein RAD51 homolog 1,CHEMBL2319671,
CHEMBL2316724,370,nM,6.43,CHEMBL2034807,DNA repair protein RAD51 homolog 1,CHEMBL2319671,
CHEMBL2316725,250,nM,6.6,CHEMBL2034807,DNA repair protein RAD51 homolog 1,CHEMBL2319671,
CHEMBL2316726,44170,nM,4.36,CHEMBL2034807,DNA repair protein RAD51 homolog 1,CHEMBL2319671,
CHEMBL2316733,38170,nM,4.42,CHEMBL2034807,DNA repair protein RAD51 homolog 1,CHEMBL2319671,
CHEMBL2316734,13160,nM,4.88,CHEMBL2034807,DNA repair protein RAD51 homolog 1,CHEMBL2319671,
CHEMBL2316735,8320,nM,5.08,CHEMBL2034807,DNA repair protein RAD51 homolog 1,CHEMBL2319671,
CHEMBL2316736,7910,nM,5.1,CHEMBL2034807,DNA repair protein RAD51 homolog 1,CHEMBL2319671,
CHEMBL2316737,9940,nM,5,CHEMBL2034807,DNA repair protein RAD51 homolog 1,CHEMBL2319671,
CHEMBL2316738,3100,nM,5.51,CHEMBL2034807,DNA repair protein RAD51 homolog 1,CHEMBL2319671,
CHEMBL2316739,5290,nM,5.28,CHEMBL2034807,DNA repair protein RAD51 homolog 1,CHEMBL2319671,
CHEMBL1087180,7250,nM,5.14,CHEMBL614909,SGC-7901,CHEMBL2208493,
CHEMBL1915761,4000,nM,5.4,CHEMBL385,K562,CHEMBL2209137,
CHEMBL1922174,7250,nM,5.14,CHEMBL614909,SGC-7901,CHEMBL2208493,
CHEMBL1922178,7250,nM,5.14,CHEMBL614909,SGC-7901,CHEMBL2208493,
CHEMBL2205002,7250,nM,5.14,CHEMBL614909,SGC-7901,CHEMBL2208493,
CHEMBL2337218,53150,nM,4.27,CHEMBL614822,NIH3T3,CHEMBL2343222,
CHEMBL2337219,55700,nM,4.25,CHEMBL614822,NIH3T3,CHEMBL2343222,
CHEMBL2337609,66690,nM,4.18,CHEMBL614822,NIH3T3,CHEMBL2343222,
CHEMBL2337610,78300,nM,4.11,CHEMBL614822,NIH3T3,CHEMBL2343222,
CHEMBL2337611,71310,nM,4.15,CHEMBL614822,NIH3T3,CHEMBL2343222,
CHEMBL2337612,75120,nM,4.12,CHEMBL614822,NIH3T3,CHEMBL2343222,
CHEMBL2337614,83900,nM,4.08,CHEMBL614822,NIH3T3,CHEMBL2343222,
CHEMBL2337615,80690,nM,4.09,CHEMBL614822,NIH3T3,CHEMBL2343222,
CHEMBL2337616,77960,nM,4.11,CHEMBL614822,NIH3T3,CHEMBL2343222,
CHEMBL2337619,38900,nM,4.41,CHEMBL614822,NIH3T3,CHEMBL2343222,
CHEMBL2337623,79960,nM,4.1,CHEMBL614822,NIH3T3,CHEMBL2343222,
CHEMBL2337627,78300,nM,4.11,CHEMBL614822,NIH3T3,CHEMBL2343222,
CHEMBL233929,6100,nM,5.21,CHEMBL612557,RAW264.7,CHEMBL4417197,
CHEMBL248095,56200,nM,4.25,CHEMBL612853,Entamoeba histolytica,CHEMBL968124,
CHEMBL255489,1000,nM,6,CHEMBL2364162,Tumor necrosis factor ligand superfamily member 11,CHEMBL4671306,
CHEMBL453981,7250,nM,5.14,CHEMBL614909,SGC-7901,CHEMBL2208493,
CHEMBL487017,4860,nM,5.31,CHEMBL367,Leishmania donovani,CHEMBL4263546,
CHEMBL602899,7250,nM,5.14,CHEMBL614909,SGC-7901,CHEMBL2208493,
CHEMBL8260,15,nM,7.82,CHEMBL2741,Arachidonate 12-lipoxygenase,CHEMBL615252,