Feature,Coefficient
LabuteASA,-954.7745801343981
HeavyAtomMolWt,-291.50449130585173
MolWt,245.62704850120176
HeavyAtomCount,171.81199398837816
NumValenceElectrons,-107.08462603505573
SMR_VSA5,93.95945691052901
SlogP_VSA2,90.8819015012048
PEOE_VSA7,82.10058612223935
ExactMolWt,73.94427695440503
PEOE_VSA6,73.92917333541325
EState_VSA1,72.63426637141295
SMR_VSA7,69.60235245232994
SlogP_VSA5,62.4856271599514
PEOE_VSA8,62.413600909903835
PEOE_VSA1,56.28707846239859
SlogP_VSA6,55.61450747687341
EState_VSA7,51.533224417757985
PEOE_VSA10,45.180249763531776
EState_VSA2,45.155799880180886
SMR_VSA10,45.1103460317595
SMR_VSA6,44.197932673169234
PEOE_VSA12,44.00778578887796
EState_VSA6,42.394072946143254
EState_VSA4,41.643575863365
EState_VSA8,41.624305042752596
PEOE_VSA2,40.449364811546715
PEOE_VSA9,36.8797613867474
EState_VSA5,36.73840066906665
MolMR,-32.97366493752541
SMR_VSA3,32.26036190682893
EState_VSA3,32.07541647137468
SlogP_VSA3,31.96064247891612
SMR_VSA1,31.55376176890473
SlogP_VSA1,31.142833547244404
Chi1,-29.66113999835418
EState_VSA10,27.604689766461334
SlogP_VSA12,23.82138746622259
EState_VSA9,23.051149736932352
PEOE_VSA13,21.003285155026614
NumHeteroatoms,20.707670028345092
PEOE_VSA3,20.212712261114717
SMR_VSA9,20.02090998987166
PEOE_VSA4,19.57481601542178
SlogP_VSA8,19.021563971320887
SlogP_VSA10,18.38485947752836
SMR_VSA4,18.275624170438075
PEOE_VSA11,16.95519089182944
SlogP_VSA4,16.691856727549332
PEOE_VSA14,16.397024636043312
PEOE_VSA5,15.149156395057329
VSA_EState2,-11.354618429569012
SlogP_VSA11,11.037535395532249
SlogP_VSA7,9.078630667960468
EState_VSA11,8.634009466942889
VSA_EState1,-8.474322399288944
Kappa1,-8.30333880127958
fr_C_O_noCOO,-7.0378528826179405
fr_C_O,6.805746897014231
Chi0n,-6.44062656341023
fr_NH1,-6.1776402671495045
NOCount,-6.004753945165085
Chi1n,4.724120748176505
SMR_VSA2,4.640468261828758
Chi0v,-4.320901737902416
Phi,3.9298680753804938
VSA_EState3,-3.655677993504632
fr_NH0,-3.6392694582795464
Kappa2,-3.033391349574053
HallKierAlpha,-2.807879994222385
VSA_EState6,-2.5028607486396908
NumHDonors,2.447461023495247
fr_halogen,2.3415591418837636
fr_NH2,-2.2006565544475922
VSA_EState10,-2.038057154716846
FpDensityMorgan2,-1.6763465548916447
Chi0,1.6727330784312173
TPSA,1.618015361803522
Chi2n,-1.617570677565915
fr_benzene,1.412161531307099
BertzCT,-1.3041110594301508
RingCount,-1.2224368547169533
NumAromaticCarbocycles,-1.2188541089367675
VSA_EState4,-1.189996909788725
FpDensityMorgan3,1.1616934598569468
fr_amide,1.0782207373433081
NumAmideBonds,1.0782207368144583
NumAromaticRings,-1.0291328443150576
VSA_EState9,-0.7962970822164692
fr_phenol,-0.7735888446350003
Chi4v,-0.7433162929149439
VSA_EState7,-0.7145599203030741
NumHAcceptors,0.6954977173946233
VSA_EState8,-0.6567954477585118
NHOHCount,-0.6150627393286268
Chi3n,0.5792454777873459
fr_phenol_noOrthoHbond,0.5625061448213344
FpDensityMorgan1,0.5428413198708678
VSA_EState5,-0.5123688472043781
fr_ether,0.4889527848602615
fr_COO2,-0.4785421780467809
fr_COO,-0.4785421779672814
fr_Al_COO,-0.44058597264454313
Chi3v,0.428342805720753
NumAliphaticRings,-0.38005825061944876
MolLogP,0.36009722181542614
NumAliphaticHeterocycles,-0.30534710569424206
Kappa3,-0.27644594761137853
BCUT2D_MRHI,0.2762980510742713
fr_ester,0.27482930558869434
NumRotatableBonds,-0.27161463581192535
fr_Al_OH,-0.26813007707455494
fr_C_S,0.26243738685249696
fr_Ar_N,-0.24682595150731856
fr_aniline,0.24609149890384963
NumAliphaticCarbocycles,-0.2118127559425531
Chi1v,-0.20668268220885722
fr_sulfonamd,0.20538579473016227
qed,0.20051186723879844
fr_nitro_arom,-0.18672352345660848
fr_urea,-0.17869523567171441
BCUT2D_CHGLO,-0.17294090611989898
fr_ketone,0.16689892629432634
fr_sulfide,0.15665074867663265
BCUT2D_LOGPLOW,0.15492424806867522
MaxAbsPartialCharge,-0.1526962373718549
fr_imidazole,0.15250969693243377
fr_nitrile,-0.1502211591556062
BCUT2D_MWLOW,0.14571275847593304
SPS,-0.13268337021402934
fr_furan,0.1318757713973593
NumAromaticHeterocycles,0.13133734072083314
fr_Ar_COO,-0.1276598776477158
fr_morpholine,-0.1270231507173083
Chi2v,-0.1193041524457712
NumAtomStereoCenters,0.11774189575455374
fr_unbrch_alkane,0.11715787848377346
NumHeterocycles,-0.11404201288988958
BCUT2D_CHGHI,0.11286737181002901
BalabanJ,0.11165436064910139
BCUT2D_MWHI,-0.10844992670919257
BCUT2D_MRLOW,-0.10431200803948334
fr_ketone_Topliss,0.10246285708019087
FractionCSP3,0.10230747374850324
fr_imide,-0.10060880860905996
fr_piperdine,-0.09887823554533881
fr_bicyclic,-0.09451320468919988
NumUnspecifiedAtomStereoCenters,0.09340384500248078
fr_aryl_methyl,0.09232801613497088
fr_oxime,0.09164941819509664
fr_sulfone,-0.08485013184377976
MinAbsPartialCharge,0.08390632779419824
fr_guanido,0.07994811380657296
fr_thiazole,0.07890920785250444
fr_nitro,0.07616591954193552
MinEStateIndex,0.07442078506013551
fr_thiophene,0.07238301886098775
NumBridgeheadAtoms,0.07120039340432172
MaxPartialCharge,-0.0692665939020817
fr_nitro_arom_nonortho,0.0686876942403245
fr_methoxy,0.06361935420691722
NumSaturatedCarbocycles,0.06355741555497474
fr_pyridine,-0.0635365972113604
AvgIpc,-0.06298521192064385
fr_amidine,0.06279911750947598
BCUT2D_LOGPHI,0.06267571596776211
Ipc,0.05002312340066872
fr_hdrzone,0.04735711489942673
fr_ArN,0.04710116712152512
NumSaturatedRings,0.046510145676133874
fr_Imine,0.04297698791975435
MaxEStateIndex,-0.041554679560989544
MaxAbsEStateIndex,-0.04155467863028233
fr_Ndealkylation1,-0.041265816292311186
fr_Al_OH_noTert,0.0409439227352868
fr_alkyl_halide,-0.03748049642167928
fr_alkyl_carbamate,-0.0346963387437782
fr_isothiocyan,0.03276156190553081
fr_piperzine,-0.029839247349123355
fr_Ar_OH,0.028731424612757905
fr_Ar_NH,-0.02502876816057409
fr_Nhpyrrole,-0.025028767832210974
fr_hdrzine,0.023575941663652955
fr_tetrazole,-0.021836260117389372
fr_oxazole,0.01741239253993454
fr_lactone,-0.01631005702144961
NumSaturatedHeterocycles,0.015993836373731973
fr_HOCCN,0.01293371941469168
Chi4n,0.010338558086992578
fr_priamide,-0.009983860571482595
NumSpiroAtoms,-0.009142768722188777
fr_allylic_oxid,0.00699196528671564
MinAbsEStateIndex,0.004328900282865256
fr_SH,0.004284656905547024
MinPartialCharge,-0.0038886495796724846
fr_Ndealkylation2,0.003523626595253404
fr_para_hydroxylation,-0.0029536951873296857
